{"importBase":"import","nativeBase":"native","name":"main","deps":["resources"],"uuids":["085e1b720","08f838f90","0d6b40757","f4PcIB1nRAZ7++RNrS4RvY","0eWSsqKjJCEoJFEIRf33cf","0eWSsqKjJCEoJFEIRf33cf@6c48a","0eWSsqKjJCEoJFEIRf33cf@f9941","12Y9dMgWdJKJGmTiZyQR9H@fc873","1brw/JvvpFnIvdrxpFCgMZ","1eDZmD+LRNF7kjmVBw3lev","20g1ukYUVPvKWKBRznAKo+","20g1ukYUVPvKWKBRznAKo+@6c48a","20g1ukYUVPvKWKBRznAKo+@f9941","27oYuAUXBEmr/fSaOYgEqq","27oYuAUXBEmr/fSaOYgEqq@6c48a","27oYuAUXBEmr/fSaOYgEqq@f9941","42uKhe1QBE36b/ZVBEMdxm","44rPXSubBM5pqMVSpXZaIy","54TknWPwVPqJqeCR+Y/Czo","54TknWPwVPqJqeCR+Y/Czo@6c48a","54TknWPwVPqJqeCR+Y/Czo@f9941","67hduPMHBGeZ1Gp/Nchq79","73/1eUA5JGH6ldo/7KpUcE","73/1eUA5JGH6ldo/7KpUcE@6c48a","80JiBO2CFGH7ldNxCpTR0t","80JiBO2CFGH7ldNxCpTR0t@6c48a","80JiBO2CFGH7ldNxCpTR0t@f9941","81vhsxyJ5CdpQQk9EmBRpi","815cQxr3ZO+YlPAM4iFbu0","8aj6NPFPtFFZYtAlBbs5l5","8aj6NPFPtFFZYtAlBbs5l5@6c48a","8aj6NPFPtFFZYtAlBbs5l5@f9941","905iktvt9IqpyIDUjHVhp1","91hpY0W2dME5hG0DVOwwtU","91hpY0W2dME5hG0DVOwwtU@6c48a","91hpY0W2dME5hG0DVOwwtU@f9941","92DfhgenpEoqSAQJus1n0V","92DfhgenpEoqSAQJus1n0V@6c48a","92DfhgenpEoqSAQJus1n0V@f9941","95EkngnxZFbYuFpsqVTaFr","95EkngnxZFbYuFpsqVTaFr@6c48a","95EkngnxZFbYuFpsqVTaFr@f9941","a3zQCfCrBCDZJ4uf2rk5u8","a5d/ENEvhEtIpdgnj/Y/8X","a7FFIV9LpKObGm5gMVh+yI","a9raJVhOBMR7tGjI4IjswQ","a9raJVhOBMR7tGjI4IjswQ@6c48a","a9raJVhOBMR7tGjI4IjswQ@f9941","b78gR/ss5OB5IDltITJYOn","b78gR/ss5OB5IDltITJYOn@6c48a","b78gR/ss5OB5IDltITJYOn@f9941","c3OH/Feq5Dp5Z+eUIJ/y+5","c3OH/Feq5Dp5Z+eUIJ/y+5@6c48a","c3OH/Feq5Dp5Z+eUIJ/y+5@f9941","c6Jknxl+xPALg6W8OyrJCs","c6Jknxl+xPALg6W8OyrJCs@6c48a","c6Jknxl+xPALg6W8OyrJCs@f9941","d1L49Q8UxFmZhUTZZASUIU","d1L49Q8UxFmZhUTZZASUIU@6c48a","d1L49Q8UxFmZhUTZZASUIU@f9941","f65P9yIvBIELiNuBzsBTac","f65P9yIvBIELiNuBzsBTac@6c48a","f8ck7R2aZPVpzBlPlPrhJv","fdAVQjLexBK7HgG0+EtElx","fdAVQjLexBK7HgG0+EtElx@6c48a","fdAVQjLexBK7HgG0+EtElx@f9941","fdjsU2o1RKF5x0TziDw3jI"],"paths":{"66":["db:/internal/default_renderpipeline/builtin-forward",0]},"scenes":{"db://assets/scenes/main.scene":3},"packs":{"085e1b720":["4","29","13","22","18","36","10","39","24","33","45","48","51","54","57","60","63"],"08f838f90":["6","7","12","15","20","26","31","32","35","38","41","42","47","50","53","56","59","3","62","65"],"0d6b40757":["5","30","14","23","19","37","11","40","25","34","46","49","52","55","58","61","64"]},"versions":{"import":[],"native":[]},"redirect":[8,"0",9,"0",16,"0",17,"0",21,"0",27,"0",28,"0",43,"0",44,"0"],"debug":false,"extensionMap":{},"types":["cc.RenderPipeline"]}