[1,["98ce9505-e341-4c8e-aab4-ee797cc8c94c@6c48a","33fa6394-37e5-4da8-b1ae-7eee42bd9ca6@f9941","190285d7-5314-48d6-83ff-73fa2accc0e7","0de65add-2596-4acf-a421-416e2edd85a4@6c48a","14bc4439-7f82-4f33-9d15-c956ad5cdcd3@6c48a","33fa6394-37e5-4da8-b1ae-7eee42bd9ca6@6c48a","374bcb3d-d0d0-4345-ae18-b9e46fe0950d@6c48a","433e09cb-3eeb-4a0b-819f-19373be6eef2@6c48a","d1346436-ac96-4271-b863-1f4fdead95b0","433e09cb-3eeb-4a0b-819f-19373be6eef2@f9941","374bcb3d-d0d0-4345-ae18-b9e46fe0950d@f9941","45816042-6257-4acb-a15a-b4970cac5510","0de65add-2596-4acf-a421-416e2edd85a4@f9941","14bc4439-7f82-4f33-9d15-c956ad5cdcd3@f9941"],["node","_spriteFrame","_textureSource","mainTexture","_effectAsset","root","lbTips","lbProgress","_particleSystem","data","_mainTexture","_defaultClip"],["cc.SpriteFrame",["cc.Node",["_name","_layer","_components","_prefab","_parent","_children","_lpos"],1,9,4,1,2,5],["cc.UITransform",["_name","node","__prefab","_contentSize"],2,1,4,5],["cc.Sprite",["_sizeMode","_name","_isTrimmedMode","node","__prefab","_spriteFrame"],0,1,4,6],["cc.CurveRange",["constant","mode","constantMin","constantMax"],-1],["cc.Node",["_name","_layer","_parent","_components","_prefab","_lpos","_lrot","_euler"],1,1,12,4,5,5,5],["cc.Label",["_string","_actualFontSize","_fontSize","node","__prefab"],0,1,4],["cc.GradientRange",["_mode","colorMin","colorMax"],2,5,5],["cc.Material",["_states","_defines","_props"],1,12],["cc.Prefab",["_name"],2],["cc.CompPrefabInfo",["fileId"],2],["cc.Widget",["_alignFlags","_originalWidth","_originalHeight","_alignMode","node","__prefab"],-1,1,4],["99c5fx0klFHq52oGPdZL7Z5",["node","__prefab","lbProgress","lbTips"],3,1,4,1,1],["cc.PrefabInfo",["fileId","root","asset"],2,1,1],["cc.Animation",["_name","playOnLoad","node","__prefab","_clips","_defaultClip"],1,1,4,3,6],["cc.Layout",["_resizeMode","_layoutType","_spacingX","node","__prefab"],0,1,4],["cc.UIMeshRenderer",["node","__prefab"],3,1,4],["cc.ParticleSystem",["_name","simulationSpeed","_capacity","node","__prefab","_materials","startColor","startSizeX","startSizeY","startSizeZ","startSpeed","startRotationX","startRotationY","startRotationZ","startDelay","startLifetime","gravityModifier","rateOverTime","rateOverDistance","bursts","_colorOverLifetimeModule","_shapeModule","_sizeOvertimeModule","_velocityOvertimeModule","_forceOvertimeModule","_limitVelocityOvertimeModule","_rotationOvertimeModule","_textureAnimationModule","_trailModule","renderer"],0,1,4,3,4,4,4,4,4,4,4,4,4,4,4,4,4,9,4,4,4,4,4,4,4,4,4,4],["cc.Burst",["count"],3,4],["cc.ColorOvertimeModule",["_enable","color"],2,4],["cc.ShapeModule",["_enable","arcSpread","length","arcSpeed"],0,4],["cc.SizeOvertimeModule",["size","x","y","z"],3,4,4,4,4],["cc.VelocityOvertimeModule",["x","y","z","speedModifier"],3,4,4,4,4],["cc.ForceOvertimeModule",["x","y","z"],3,4,4,4],["cc.LimitVelocityOvertimeModule",["limitX","limitY","limitZ","limit"],3,4,4,4,4],["cc.RotationOvertimeModule",["x","y","z"],3,4,4,4],["cc.TextureAnimationModule",["frameOverTime","startFrame"],3,4,4],["cc.TrailModule",["lifeTime","widthRatio","colorOverTrail","colorOvertime","_particleSystem"],3,4,4,4,4,1],["cc.ParticleSystemRenderer",["_mainTexture"],3,6],["4b7cfRS5bdP8qo8rorNgln5",["node","__prefab"],3,1,4]],[[10,0,2],[4,1],[13,0,1,2,2],[2,1,2,3,1],[4,0,2],[1,0,1,4,2,3,6,3],[7,1],[1,0,1,4,5,2,3,6,3],[5,0,1,2,3,4,5,3],[2,0,1,2,3,2],[3,1,0,3,4,5,3],[3,0,2,3,4,5,3],[3,0,3,4,5,2],[6,0,1,3,4,3],[8,0,1,2,3],[9,0,2],[1,0,1,5,2,3,6,3],[1,0,1,4,5,2,3,3],[1,0,1,4,2,3,3],[5,0,1,2,3,4,5,6,7,3],[2,1,2,1],[11,0,1,2,3,4,5,5],[12,0,1,2,3,1],[14,0,1,2,3,4,5,3],[15,0,1,2,3,4,4],[16,0,1,1],[6,0,1,2,3,4,4],[17,0,1,2,3,4,5,6,7,8,9,10,11,12,13,14,15,16,17,18,19,20,21,22,23,24,25,26,27,28,29,4],[7,0,1,2,2],[4,1,2,3,4],[18,0,1],[19,0,1,2],[20,0,1,2,3,4],[21,0,1,2,3,1],[22,0,1,2,3,1],[23,0,1,2,1],[24,0,1,2,3,1],[25,0,1,2,1],[26,0,1,1],[27,0,1,2,3,4,1],[28,0,1],[29,0,1,1]],[[[{"name":"loadingCar01","rect":{"x":0,"y":0,"width":195,"height":95},"offset":{"x":0,"y":0},"originalSize":{"width":195,"height":95},"rotated":false,"capInsets":[0,0,0,0],"packable":true}],[0],0,[0],[2],[3]],[[{"name":"loadingCar03","rect":{"x":0,"y":0,"width":144,"height":27},"offset":{"x":0,"y":0},"originalSize":{"width":144,"height":27},"rotated":false,"capInsets":[0,0,0,0],"packable":true}],[0],0,[0],[2],[4]],[[{"name":"loadingCar02","rect":{"x":0,"y":0,"width":33,"height":33},"offset":{"x":0,"y":0},"originalSize":{"width":33,"height":33},"rotated":false,"capInsets":[0,0,0,0],"packable":true}],[0],0,[0],[2],[5]],[[{"name":"loadingCar04","rect":{"x":0,"y":0,"width":278,"height":92},"offset":{"x":0,"y":0},"originalSize":{"width":278,"height":92},"rotated":false,"capInsets":[0,0,0,0],"packable":true}],[0],0,[0],[2],[6]],[[{"name":"loadingBg","rect":{"x":0,"y":0,"width":720,"height":1600},"offset":{"x":0,"y":0},"originalSize":{"width":720,"height":1600},"rotated":false,"capInsets":[0,0,0,0],"packable":true}],[0],0,[0],[2],[7]],[[[14,[{"blendState":{"targets":[{}]},"depthStencilState":{},"rasterizerState":{}}],[{}],[[[{},"mainTexture",6,0]],11]]],0,0,[0,0],[3,4],[0,8]],[[[15,"loading"],[16,"loading",33554432,[-7,-8,-9,-10],[[3,-2,[0,"c6R5V9qfdC+px9DKFFCuxs"],[5,720,1280]],[21,45,100,100,1,-3,[0,"56Peoa78tDV4qT2k3m9ciR"]],[22,-6,[0,"d3PzC+sD9OE7Y8lgCHkGwg"],-5,-4]],[2,"4115+XGZdJSayB2GZTEXVc",-1,0],[1,0,0,1]],[17,"loadingCar03",33554432,1,[-14,-15,-16],[[9,"loadingCar03<UITransform>",-11,[0,"b6YWJ5N3dBlII299+lGCZ0"],[5,144,26]],[10,"loadingCar03<Sprite>",0,-12,[0,"21KRbib5FNyJoU5hjz57X/"],7],[23,"loadingCar03<Animation>",true,-13,[0,"7dwEHg7fJBrYm0JK6roR2c"],[8],9]],[2,"4c4KPCbjtCe7s9Zjsos8NN",1,0]],[7,"loadingCar01",33554432,2,[-19,-20],[[9,"loadingCar01<UITransform>",-17,[0,"0cD8pwTmFGa5AwQcMAidZz"],[5,195,95]],[10,"loadingCar01<Sprite>",0,-18,[0,"d2ifPrB6BB9bj1BXmalfyy"],6]],[2,"e0qKS9vlxNXIw9J9j42bWo",1,0],[1,0,31.452999999999975,0]],[7,"progress",33554432,1,[-23,-24],[[3,-21,[0,"cettpV5NFOQamF12QhNX+Y"],[5,67.82,40]],[24,1,1,10,-22,[0,"47lkxqwotJ4qfym1U6EX8L"]]],[2,"47H++XDCNIa5HKEbZuzvkX",1,0],[1,0,-130,0]],[19,"car",-301989889,2,[[-25,[25,-26,[0,"2fVSdaACRFvICeagi+sAK1"]],[20,-27,[0,"11xlYFRrJAZKQ5RRScXf5s"]]],1,4,4],[2,"59MLgZSTVCMJBBS59QutMT",1,0],[1,97.689,-2.848,0],[3,0,-0.7071067811865475,0,0.7071067811865476],[1,0,-90,0]],[8,"progress",33554432,4,[[[3,-28,[0,"d82GkCia1Pj6SIohj9i9n8"],[5,22.25,50.4]],-29,[13,"0",40,-30,[0,"2fDRrLZVNBbIyk7BsvttUj"]]],4,1,4],[2,"fc49fY2AhJ2YGIUskzcKQF",1,0],[1,-22.784999999999997,0,0]],[18,"bg",33554432,1,[[3,-31,[0,"55SpGO9SVA/6oe/0zlietR"],[5,720,1600]],[11,2,false,-32,[0,"9b/sYaFKlNX5In1e7MMIvG"],0]],[2,"82Jb9IgsBEHbKT1MhNey8N",1,0]],[5,"shadow",33554432,2,[[3,-33,[0,"8a1brlX1pOoL82+s15322i"],[5,278,92]],[11,2,false,-34,[0,"4eSf55x/RFbpSD7NJjqSPP"],1]],[2,"0dlEFtiU1NnbWQ7O2VJizm",1,0],[1,0,-16.76,0]],[5,"loadingCar02",33554432,3,[[3,-35,[0,"94FCuEM2dMDbsszYLjz+E0"],[5,32,32]],[12,0,-36,[0,"89bHTnyvJHuajzWKhqqGxh"],4]],[2,"aeoJOD80xJX5S2zvTyDKHc",1,0],[1,-49.023,-40.548,0]],[5,"loadingCar03",33554432,3,[[3,-37,[0,"a4lCXV/oJMZ6NWHSu5spzW"],[5,32,32]],[12,0,-38,[0,"5c2SqZUPZBGYSjhyA2nCCu"],5]],[2,"b0swsI5jdI/YvMFrSdA7v2",1,0],[1,44.1,-41.744,0]],[5,"percent",33554432,4,[[3,-39,[0,"97T7fWHV1EzopD19JLNtGv"],[5,35.57,50.4]],[13,"%",40,-40,[0,"fctAuju09BHbO5b+tkzuvV"]]],[2,"e0EnyP+RFPfIGsheNf+aiX",1,0],[1,16.125000000000004,0,0]],[8,"tips",33554432,1,[[[3,-41,[0,"71hHE2U8NLP7HSuhOccOvm"],[5,186.67,50.4]],-42],4,1],[2,"54Qk7dpeFPhIa+OtoE8gDb",1,0],[1,0,-200,0]],[27,"car<ParticleSystem>",1.2,30,5,[0,"12cZYOYKdGLY/9RteYz/rB"],[2],[6],[4,15],[1],[1],[4,80],[1],[1],[4,45],[1],[4,0.5],[4,-5],[4,15],[1],[[30,[1]]],[31,true,[28,2,[4,4278650644],[4,4291026400]]],[32,true,8,0,[1]],[33,[29,3,20,5],[1],[1],[1]],[34,[1],[1],[1],[4,1]],[35,[1],[1],[1]],[36,[1],[1],[1],[1]],[37,[1],[1],[1]],[38,[1],[1]],[39,[1],[1],[6],[6],-43],[40,3]],[41,6,[0,"02zxAC66BL7qX8GkKHUdB7"]],[26,"正在加载中...",32,32,12,[0,"35BFwGGDtHO5pJGLsUemKb"]]],0,[0,5,1,0,0,1,0,0,1,0,6,15,0,7,14,0,0,1,0,-1,7,0,-2,2,0,-3,4,0,-4,12,0,0,2,0,0,2,0,0,2,0,-1,8,0,-2,5,0,-3,3,0,0,3,0,0,3,0,-1,9,0,-2,10,0,0,4,0,0,4,0,-1,6,0,-2,11,0,-1,13,0,0,5,0,0,5,0,0,6,0,-2,14,0,0,6,0,0,7,0,0,7,0,0,8,0,0,8,0,0,9,0,0,9,0,0,10,0,0,10,0,0,11,0,0,11,0,0,12,0,-2,15,0,8,13,0,9,1,43],[0,0,0,0,0,0,0,0,0,0],[1,1,-1,10,1,1,1,1,-1,11],[9,10,11,0,1,1,12,13,2,2]]]]
