[1,["aa58e4cf-d192-438d-b273-2c290476e874","a4bc7925-7efc-4b87-9d2f-8c80129493d0@6c48a","76324a35-8129-4bc0-923b-21ab40dda467@f9941","ee9b1fa9-582b-4592-babe-14ebc9186118@f9941","a4bc7925-7efc-4b87-9d2f-8c80129493d0@f9941","b1f97d1a-ef5e-4563-9ad4-4c7ed1d57d1f@f9941","50e7c842-84a8-48b2-9294-fe852ddaef87@f9941","ee9b1fa9-582b-4592-babe-14ebc9186118@6c48a"],["node","asset","_spriteFrame","_textureSource","root","spCarIcon","nodeRedDot","nodeUsed","nodeSelect","_target","target","data"],[["cc.Node",["_name","_layer","_active","_components","_prefab","_lpos","_parent","_children"],0,9,4,5,1,2],["cc.Sprite",["_sizeMode","_isTrimmedMode","_type","_name","node","__prefab","_spriteFrame"],-1,1,4,6],"cc.SpriteFrame",["cc.UITransform",["_name","node","__prefab","_contentSize"],2,1,4,5],["cc.Prefab",["_name"],2],["cc.Node",["_name","_layer","_parent","_components","_prefab"],1,1,12,4],["cc.CompPrefabInfo",["fileId"],2],["2b1f3615PZNnqYSDTVo5tI8",["node","__prefab","nodeSelect","nodeUsed","nodeRedDot","spCarIcon"],3,1,4,1,1,1,1],["cc.Button",["node","__prefab","clickEvents","_normalColor","_target"],3,1,4,9,5,1],["cc.ClickEvent",["_componentId","handler","target"],1,1],["f130br9GwZGkJEkRGonhXxR",["node","__prefab"],3,1,4],["cc.PrefabInfo",["fileId","root","asset"],2,1,6]],[[6,0,2],[11,0,1,2,2],[3,1,2,3,1],[0,0,1,6,3,4,3],[1,0,1,4,5,6,3],[4,0,2],[0,0,1,7,3,4,5,3],[0,0,1,6,3,4,5,3],[0,0,2,1,6,3,4,5,4],[5,0,1,2,3,4,3],[3,0,1,2,3,2],[7,0,1,2,3,4,5,1],[8,0,1,2,3,4,1],[9,0,1,2,3],[10,0,1,1],[1,3,2,0,4,5,6,4],[1,2,0,1,4,5,6,4],[1,0,1,4,5,3]],[[[{"name":"shopIconGet","rect":{"x":0,"y":0,"width":57,"height":57},"offset":{"x":0,"y":0},"originalSize":{"width":57,"height":57},"rotated":false,"capInsets":[0,0,0,0],"packable":true}],[2],0,[0],[3],[1]],[[[5,"shopItem"],[6,"shopItem",33554432,[-12,-13,-14,-15,-16],[[2,-2,[0,"27hMHFMQBNLpNLuxQlDY8g"],[5,160,165]],[11,-7,[0,"81J4iHrjRNppK2Oha/eTMM"],-6,-5,-4,-3],[12,-10,[0,"b9Ua3ZIttD1JyGGzMcgvY3"],[[13,"2b1f3615PZNnqYSDTVo5tI8","onItemClick",-9]],[4,4292269782],-8],[14,-11,[0,"03QDvvKZ9O6rXgkyW186Fx"]]],[1,"5bMzuryQpImLUyrafYdSFd",-1,9],[1,-224.2355,80.866,0]],[3,"select",33554432,1,[[10,"select<UITransform>",-17,[0,"27S1NuzbNFf6g3Qs3LzSub"],[5,160,165]],[15,"select<Sprite>",1,0,-18,[0,"49qSviEsVAZrPYZbrEBVrq"],2]],[1,"31Tsz5qU5J+6GIIbsj2ySA",1,3]],[7,"used",33554432,1,[[2,-19,[0,"bfVjGqb8FNa5ngMfQtSJKD"],[5,57,57]],[4,2,false,-20,[0,"0cfzMVrqpNhaZ/cCNxbpEi"],4]],[1,"35tN2fuNNBUa+s8hEO0NWf",1,5],[1,-57.45,65.32,0]],[8,"redDot",false,33554432,1,[[2,-21,[0,"90/CuWallDVajuR6rhVvv0"],[5,22,25]],[4,2,false,-22,[0,"1b2dXzOkFInZTJDHGy7xp8"],7]],[1,"afl3oHTOtNV4pkvKDfjhSR",1,8],[1,62.963,67.069,0]],[3,"bg",33554432,1,[[2,-23,[0,"81PYxHFK9NM6h59/Sw5uMG"],[5,160,165]],[16,1,0,false,-24,[0,"23fbJHMUlICLu+1Kv7cJb1"],0]],[1,"59SF08fWNPEr2/nHtshzbx",1,1]],[9,"car",33554432,1,[[[2,-25,[0,"1cx6jJw49F3IJctqjYxjnp"],[5,150,150]],-26],4,1],[1,"13tpaSTpNGaaN+4h4//Ayd",1,6]],[17,0,false,6,[0,"26NIq8ObdOlLWOrP6zeQd9"]]],0,[0,4,1,0,0,1,0,5,7,0,6,4,0,7,3,0,8,2,0,0,1,0,9,1,0,10,1,0,0,1,0,0,1,0,-1,5,0,-2,2,0,-3,3,0,-4,6,0,-5,4,0,0,2,0,0,2,0,0,3,0,0,3,0,0,4,0,0,4,0,0,5,0,0,5,0,0,6,0,-2,7,0,11,1,26],[0,0,0,0,0,0,0,0,0,0,7],[2,1,2,1,2,1,1,2,1,1,2],[2,0,3,0,4,0,0,5,0,0,6]],[[{"name":"shopBoxChoose","rect":{"x":0,"y":0,"width":160,"height":160},"offset":{"x":0,"y":0},"originalSize":{"width":160,"height":160},"rotated":false,"capInsets":[0,0,0,0],"packable":true}],[2],0,[0],[3],[7]]]]
