[1,0,0,[["cc.Mesh",["_native","_hash","_struct"],1,11]],[[0,0,1,2,3]],[[[[0,".bin",3881579197,[{"primitives":[{"primitiveMode":7,"vertexBundelIndices":[0],"indexView":{"offset":58608,"length":6144,"count":3072,"stride":2}}],"vertexBundles":[{"view":{"offset":0,"length":58608,"count":1221,"stride":48},"attributes":[{"name":"a_position","format":32,"isNormalized":false},{"name":"a_normal","format":32,"isNormalized":false},{"name":"a_texCoord","format":21,"isNormalized":false},{"name":"a_tangent","format":44,"isNormalized":false}]}]},"minPosition",8,[1,-0.12560230493545532,-0.2527138888835907,0.03033832460641861],"maxPosition",8,[1,0.12560231983661652,0.25290781259536743,0.18666478991508484]]],-1],0,0,[],[],[]],[[[0,".bin",3452913143,[{"primitives":[{"primitiveMode":7,"vertexBundelIndices":[0],"indexView":{"offset":3168,"length":240,"count":120,"stride":2}}],"vertexBundles":[{"view":{"offset":0,"length":3168,"count":66,"stride":48},"attributes":[{"name":"a_position","format":32,"isNormalized":false},{"name":"a_normal","format":32,"isNormalized":false},{"name":"a_texCoord","format":21,"isNormalized":false},{"name":"a_tangent","format":44,"isNormalized":false}]}]},"minPosition",8,[1,-0.017203256487846375,-0.04264717549085617,-0.0430857352912426],"maxPosition",8,[1,0.017203301191329956,0.04264717176556587,0.043085720390081406]]],-1],0,0,[],[],[]],[[[0,".bin",4002051297,[{"primitives":[{"primitiveMode":7,"vertexBundelIndices":[0],"indexView":{"offset":3168,"length":240,"count":120,"stride":2}}],"vertexBundles":[{"view":{"offset":0,"length":3168,"count":66,"stride":48},"attributes":[{"name":"a_position","format":32,"isNormalized":false},{"name":"a_normal","format":32,"isNormalized":false},{"name":"a_texCoord","format":21,"isNormalized":false},{"name":"a_tangent","format":44,"isNormalized":false}]}]},"minPosition",8,[1,-0.01673990860581398,-0.041498392820358276,-0.04192502796649933],"maxPosition",8,[1,0.01673983223736286,0.04149814695119858,0.04192497581243515]]],-1],0,0,[],[],[]],[[[0,".bin",1078494259,[{"primitives":[{"primitiveMode":7,"vertexBundelIndices":[0],"indexView":{"offset":3168,"length":240,"count":120,"stride":2}}],"vertexBundles":[{"view":{"offset":0,"length":3168,"count":66,"stride":48},"attributes":[{"name":"a_position","format":32,"isNormalized":false},{"name":"a_normal","format":32,"isNormalized":false},{"name":"a_texCoord","format":21,"isNormalized":false},{"name":"a_tangent","format":44,"isNormalized":false}]}]},"minPosition",8,[1,-0.017203330993652344,-0.042647164314985275,-0.04308571666479111],"maxPosition",8,[1,0.017203273251652718,0.04264720529317856,0.043085746467113495]]],-1],0,0,[],[],[]],[[[0,".bin",3040818389,[{"primitives":[{"primitiveMode":7,"vertexBundelIndices":[0],"indexView":{"offset":960,"length":108,"count":54,"stride":2}}],"vertexBundles":[{"view":{"offset":0,"length":960,"count":20,"stride":48},"attributes":[{"name":"a_position","format":32,"isNormalized":false},{"name":"a_normal","format":32,"isNormalized":false},{"name":"a_texCoord","format":21,"isNormalized":false},{"name":"a_tangent","format":44,"isNormalized":false}]}]},"minPosition",8,[1,-0.10110805183649063,-0.019984092563390732,-0.02536258101463318],"maxPosition",8,[1,0.101020447909832,0.019984101876616478,0.02536260522902012]]],-1],0,0,[],[],[]],[[[0,".bin",2661023758,[{"primitives":[{"primitiveMode":7,"vertexBundelIndices":[0],"indexView":{"offset":3168,"length":240,"count":120,"stride":2}}],"vertexBundles":[{"view":{"offset":0,"length":3168,"count":66,"stride":48},"attributes":[{"name":"a_position","format":32,"isNormalized":false},{"name":"a_normal","format":32,"isNormalized":false},{"name":"a_texCoord","format":21,"isNormalized":false},{"name":"a_tangent","format":44,"isNormalized":false}]}]},"minPosition",8,[1,-0.01673983596265316,-0.041498374193906784,-0.041924986988306046],"maxPosition",8,[1,0.01673978753387928,0.04149814695119858,0.04192502424120903]]],-1],0,0,[],[],[]]]]
