[1,0,0,[["cc.Mesh",["_native","_hash","_struct"],1,11]],[[0,0,1,2,3]],[[[[0,".bin",179306174,[{"primitives":[{"primitiveMode":7,"vertexBundelIndices":[0],"indexView":{"offset":1824,"length":252,"count":126,"stride":2}}],"vertexBundles":[{"view":{"offset":0,"length":1824,"count":38,"stride":48},"attributes":[{"name":"a_position","format":32,"isNormalized":false},{"name":"a_normal","format":32,"isNormalized":false},{"name":"a_texCoord","format":21,"isNormalized":false},{"name":"a_tangent","format":44,"isNormalized":false}]}]},"minPosition",8,[1,-0.4587313234806061,-0.05681777745485306,-0.08763187378644943],"maxPosition",8,[1,0.4587312936782837,0.05681762471795082,0.08763187378644943]]],-1],0,0,[],[],[]],[[[0,".bin",60913087,[{"primitives":[{"primitiveMode":7,"vertexBundelIndices":[0],"indexView":{"offset":2880,"length":288,"count":144,"stride":2}}],"vertexBundles":[{"view":{"offset":0,"length":2880,"count":60,"stride":48},"attributes":[{"name":"a_position","format":32,"isNormalized":false},{"name":"a_normal","format":32,"isNormalized":false},{"name":"a_texCoord","format":21,"isNormalized":false},{"name":"a_tangent","format":44,"isNormalized":false}]}]},"minPosition",8,[1,-0.06683231145143509,-0.18264885246753693,-0.1839902400970459],"maxPosition",8,[1,0.0668322741985321,0.18264880776405334,0.1839902400970459]]],-1],0,0,[],[],[]],[[[0,".bin",3114339527,[{"primitives":[{"primitiveMode":7,"vertexBundelIndices":[0],"indexView":{"offset":2880,"length":288,"count":144,"stride":2}}],"vertexBundles":[{"view":{"offset":0,"length":2880,"count":60,"stride":48},"attributes":[{"name":"a_position","format":32,"isNormalized":false},{"name":"a_normal","format":32,"isNormalized":false},{"name":"a_texCoord","format":21,"isNormalized":false},{"name":"a_tangent","format":44,"isNormalized":false}]}]},"minPosition",8,[1,-0.06683234870433807,-0.18264873325824738,-0.1839902400970459],"maxPosition",8,[1,0.0668322741985321,0.18264876306056976,0.1839902102947235]]],-1],0,0,[],[],[]],[[[0,".bin",470543465,[{"primitives":[{"primitiveMode":7,"vertexBundelIndices":[0],"indexView":{"offset":2880,"length":288,"count":144,"stride":2}}],"vertexBundles":[{"view":{"offset":0,"length":2880,"count":60,"stride":48},"attributes":[{"name":"a_position","format":32,"isNormalized":false},{"name":"a_normal","format":32,"isNormalized":false},{"name":"a_texCoord","format":21,"isNormalized":false},{"name":"a_tangent","format":44,"isNormalized":false}]}]},"minPosition",8,[1,-0.0668322741985321,-0.18264876306056976,-0.1839902102947235],"maxPosition",8,[1,0.06683231145143509,0.18264861404895782,0.1839902102947235]]],-1],0,0,[],[],[]],[[[0,".bin",2621083822,[{"primitives":[{"primitiveMode":7,"vertexBundelIndices":[0],"indexView":{"offset":2880,"length":288,"count":144,"stride":2}}],"vertexBundles":[{"view":{"offset":0,"length":2880,"count":60,"stride":48},"attributes":[{"name":"a_position","format":32,"isNormalized":false},{"name":"a_normal","format":32,"isNormalized":false},{"name":"a_texCoord","format":21,"isNormalized":false},{"name":"a_tangent","format":44,"isNormalized":false}]}]},"minPosition",8,[1,-0.06683231145143509,-0.18264876306056976,-0.1839902400970459],"maxPosition",8,[1,0.0668322741985321,0.18264885246753693,0.1839902400970459]]],-1],0,0,[],[],[]],[[[0,".bin",4067067707,[{"primitives":[{"primitiveMode":7,"vertexBundelIndices":[0],"indexView":{"offset":33888,"length":5376,"count":2688,"stride":2}}],"vertexBundles":[{"view":{"offset":0,"length":33888,"count":706,"stride":48},"attributes":[{"name":"a_position","format":32,"isNormalized":false},{"name":"a_normal","format":32,"isNormalized":false},{"name":"a_texCoord","format":21,"isNormalized":false},{"name":"a_tangent","format":44,"isNormalized":false}]}]},"minPosition",8,[1,-0.5968316197395325,-1.0587509870529175,0.10699570178985596],"maxPosition",8,[1,0.5974809527397156,1.058750867843628,0.9416497349739075]]],-1],0,0,[],[],[]]]]
