[1,["9d423c0f-7efd-400e-86e6-b6691c165cf6","295002c6-3f82-4398-b3fd-5ce4239e9f10@a96a6","1baf0fc9-befa-459c-8bdd-af1a450a0319","295002c6-3f82-4398-b3fd-5ce4239e9f10@b1faf","295002c6-3f82-4398-b3fd-5ce4239e9f10@7c176"],["asset","mainTexture","_effectAsset","root","node","data","_mesh"],[["cc.Node",["_name","_prefab","_children","_parent","_lscale","_components","_lrot","_euler"],2,4,2,1,5,9,5,5],["cc.Mesh",["_native","_hash","_struct"],1,11],["cc.Material",["_name","_states","_defines","_props"],0,12],["cc.Prefab",["_name"],2],["cc.PrefabInfo",["fileId","root","asset"],2,1,6],["cc.MeshRenderer",["node","__prefab","_materials","lightmapSettings","_mesh"],3,1,4,3,4,6],["cc.CompPrefabInfo",["fileId"],2],["cc.ModelLightmapSettings",[],3]],[[4,0,1,2,2],[1,0,1,2,3],[2,0,1,2,3,4],[3,0,2],[0,0,2,1,2],[0,0,3,2,1,4,2],[0,0,3,5,1,6,4,7,2],[5,0,1,2,3,4,1],[6,0,2],[7,1]],[[[[1,".bin",903325935,[{"primitives":[{"primitiveMode":7,"vertexBundelIndices":[0],"indexView":{"offset":5904,"length":222,"count":111,"stride":2}}],"vertexBundles":[{"view":{"offset":0,"length":5904,"count":82,"stride":72},"attributes":[{"name":"a_position","format":32,"isNormalized":false},{"name":"a_normal","format":32,"isNormalized":false},{"name":"a_texCoord","format":21,"isNormalized":false},{"name":"a_tangent","format":44,"isNormalized":false},{"name":"a_color","format":44,"isNormalized":false},{"name":"a_texCoord1","format":21,"isNormalized":false}]}]},"minPosition",8,[1,-0.00040713127236813307,-0.0004828978853765875,-0.00002937881617981475],"maxPosition",8,[1,0.00040713127236813307,0.0004828978853765875,0.0005852801259607077]]],-1],0,0,[],[],[]],[[[2,"Material #3",[{"rasterizerState":{},"blendState":{"targets":[{}]},"depthStencilState":{}}],[{"USE_VERTEX_COLOR":true,"HAS_SECOND_UV":true,"USE_ALBEDO_MAP":true}],[[[{"metallic":0.400000005960464,"roughness":0.70710676908493},"albedoScale",8,[1,1,1,1],"mainTexture",6,0]],11]]],0,0,[0,0],[1,2],[1,2]],[[[3,"stone02"],[4,"stone02",[-2],[0,"Node.573",-1,4]],[5,"RootNode",1,[-3],[0,"Node.574",1,3],[1,3,3,3]],[6,"CJ_PoLinKuang_01",2,[[7,-4,[8,"5bR37PxJ5PO5hFAQ5YiH3J"],[0],[9],1]],[0,"Node.575",1,2],[3,0.49252948879235325,0.5073605253367107,0.5073605253367107,-0.49252948879235325],[1,133.127487182617,133.127487182617,133.127487182617],[1,-90,-91.69957390975439,0]]],0,[0,3,1,0,-1,2,0,-1,3,0,4,3,0,5,1,4],[0,0,0,0,0],[-1,6,0,0,0],[3,4,0,0,0]]]]
