[1,["b3239366-2918-4a4b-9197-b9bf319a07eb@f9941","6e908a59-c057-448a-bc55-6484827f3a82@f9941","6cfc706b-f748-4b66-9436-2338899a4c42@f9941","da959189-c8de-49ba-97a7-caab04ed371e@f9941","f86c241f-6b2c-4a79-adec-27043f46bf06@f9941","b3239366-2918-4a4b-9197-b9bf319a07eb@6c48a","97243e5b-17bc-46f4-9764-8d015bff1975@f9941","31f65fbc-cf00-4550-8509-d42e9afd0e9a@f9941","a5589727-4ac6-4bad-a6b3-8265979b5300@f9941","005e83b4-1fa6-4591-a495-17073bd114d7@f9941","598faee4-c376-449f-9419-425332dd067b@f9941","d2b2d003-cfb5-4b69-8666-95af30cb6f9b"],["node","_spriteFrame","_target","_parent","_normalSprite","_textureSource","root","spDoubleBtnIcon","ndBtnClose","ndBtnReceive","ndBtnDouble","ndBtnNormal","data","sfBlue","sfGray","sfVideo","sfShare","pbSignInItem"],[["cc.Sprite",["_sizeMode","_name","_type","_isTrimmedMode","_enabled","node","__prefab","_spriteFrame","_color"],-2,1,4,6,5],["cc.Node",["_name","_layer","_active","_components","_prefab","_lpos","_parent","_children","_lrot","_euler"],0,9,4,5,1,2,5,5],["cc.Widget",["_name","_alignFlags","_alignMode","_bottom","_originalWidth","_originalHeight","_left","_top","_right","_isAbsTop","node","__prefab"],-7,1,4],["cc.Button",["_name","_transition","_zoomScale","node","__prefab","_normalColor","clickEvents","_target","_normalSprite"],0,1,4,5,9,1,6],["cc.Label",["_string","_actualFontSize","_horizontalAlign","_fontSize","_name","_verticalAlign","_lineHeight","_isBold","node","__prefab","_color"],-5,1,4,5],["cc.UITransform",["_name","node","__prefab","_contentSize"],2,1,4,5],["cc.Layout",["_resizeMode","_layoutType","_spacingX","_isAlign","_name","_paddingLeft","_paddingRight","_spacingY","node","__prefab"],-5,1,4],["f130br9GwZGkJEkRGonhXxR",["_name","node","__prefab"],2,1,4],["c4c1axXN+NL4oYQEr2M4qn2",["_dataID","_name","node","__prefab"],1,1,4],"cc.SpriteFrame",["cc.Prefab",["_name"],2],["cc.Node",["_name","_active","_layer","_parent","_components","_prefab","_lpos"],0,1,12,4,5],["cc.CompPrefabInfo",["fileId"],2],["9d016bBiB5J1prtR6VcBPd4",["node","__prefab","ndBtnNormal","ndBtnDouble","ndBtnReceive","ndBtnClose","spDoubleBtnIcon","arrNodeDay","sfBlue","sfGray","sfVideo","sfShare","pbSignInItem"],3,1,4,1,1,1,1,1,2,6,6,6,6,6],["cc.PrefabInfo",["fileId","root","asset"],2,1,1],["cc.ClickEvent",["_componentId","handler","target"],1,1]],[[12,0,2],[14,0,1,2,2],[5,1,2,3,1],[5,0,1,2,3,2],[1,0,1,6,3,4,5,3],[0,0,5,6,7,2],[15,0,1,2,3],[1,0,1,7,3,4,5,3],[2,0,1,6,8,7,3,4,5,2,10,11,10],[7,1,2,1],[8,1,0,2,3,3],[1,0,1,6,3,4,3],[1,0,1,6,3,4,5,8,9,3],[3,0,1,2,3,4,6,5,7,8,4],[1,0,2,1,7,3,4,5,4],[1,0,2,1,6,3,4,5,4],[1,0,1,6,7,3,4,5,3],[2,0,1,4,5,2,10,11,6],[2,0,1,3,2,10,11,5],[2,0,1,6,3,2,10,11,6],[3,0,1,2,3,4,6,5,7,4],[0,1,4,2,0,5,6,7,5],[6,0,1,2,3,8,9,5],[4,4,0,2,1,3,8,9,10,6],[4,0,1,3,7,8,9,10,5],[10,0,2],[1,0,1,6,7,3,4,3],[11,0,1,2,3,4,5,6,4],[2,0,1,7,3,9,4,5,2,10,11,9],[2,0,1,6,7,3,2,10,11,7],[13,0,1,2,3,4,5,6,7,8,9,10,11,12,1],[3,3,4,5,1],[0,1,2,0,5,6,7,4],[0,1,2,0,3,5,6,7,5],[0,1,0,3,5,6,7,4],[0,5,6,7,1],[0,1,4,0,5,6,7,4],[0,1,0,5,6,8,7,3],[0,1,0,5,6,7,3],[0,1,0,5,6,3],[6,4,0,1,5,6,2,7,3,8,9,9],[7,0,1,2,2],[4,0,2,5,1,6,8,9,6],[8,0,2,3,2]],[[[{"name":"dailyImg03","rect":{"x":0,"y":0,"width":70,"height":54},"offset":{"x":0,"y":0},"originalSize":{"width":70,"height":54},"rotated":false,"capInsets":[0,0,0,0],"packable":true}],[9],0,[0],[5],[5]],[[[25,"signIn"],[7,"signIn",33554432,[-18,-19,-20,-21,-22],[[3,"balance<UITransform>",-2,[0,"59vvPEZfxKrKpZzxj8xMtn"],[5,720,1280]],[17,"balance<Widget>",45,100,100,1,-3,[0,"c8C6onVGpBlLC/miJHAIgB"]],[30,-16,[0,"9833rOEUVG/7R9kM/TmvJT"],-15,-14,-13,-12,-11,[-4,-5,-6,-7,-8,-9,-10],18,19,20,21,22],[31,-17,[0,"d4bPVVIG5LsKLM9zYG6OO7"],[4,4292269782]]],[1,"26BQ70JbxKKrH/BadLuLZB",-1,0],[1,0,0,1]],[7,"dayList",33554432,[-26,-27,-28,-29,-30,-31,-32],[[3,"dayList<UITransform>",-23,[0,"f7pxsaDSxKJaK7Yev+CuJl"],[5,630,772.7265325862069]],[32,"dayList<Sprite>",1,0,-24,[0,"8bSytX2JVGq4KRQ4eu/OiU"],9],[8,"dayList<Widget>",45,10,10,18,112,630,770,1,-25,[0,"b1QvYs++JHmoRpBtZceYjI"]]],[1,"3fDPSnUZVCP6IV0Jh6wsiW",1,0],[1,0,47,0]],[7,"btnDouble",33554432,[-40,-41],[[3,"btnDouble<UITransform>",-33,[0,"27EcI/IuhOu6uZkOdmBn3S"],[5,148,88]],[33,"btnDouble<Sprite>",1,0,false,-34,[0,"9bmniEG8pAeocErLKROcah"],10],[40,"btnDouble<Layout>",1,1,10,10,20,5,true,-35,[0,"63WS0m5epNur+3xCopZCyb"]],[13,"btnDouble<Button>",3,0.85,-37,[0,"1bX6nqQ8ZHe4oud3PObVHJ"],[[6,"9d016bBiB5J1prtR6VcBPd4","onBtnDoubleClick",1]],[4,4292269782],-36,11],[18,"btnDouble<Widget>",4,11,1,-38,[0,"78Q4WvuStCzpQbWmPvK0+r"]],[41,"btnDouble<btnAdapter>",-39,[0,"3dhE5Cs7lAiot1641JyAAZ"]]],[1,"ca/KcdX2pNG6MpaldbpyZL",1,0],[1,0,-396.36326629310344,0]],[14,"lineGroup",false,33554432,[-45,-46,-47,-48,-49,-50],[[3,"lineGroup<UITransform>",-42,[0,"c5Zcy6izVJ47If1/ReMUq5"],[5,630,772.7265325862069]],[8,"lineGroup<Widget>",45,10,10,18,112,630,770,1,-43,[0,"356C057mJI7p5M0DskG6fQ"]],[21,"lineGroup<Sprite>",false,1,0,-44,[0,"4b3ULre+BEYqev8FcudKzW"],8]],[1,"07EC5OU21HqZwxoPjeZYO7",1,0],[1,0,47,0]],[14,"btnReceive",false,33554432,[-57],[[3,"btnReceive<UITransform>",-51,[0,"3b29m0E3FBTL19y09eisrr"],[5,249.6,105.6]],[34,"btnReceive<Sprite>",0,false,-52,[0,"2bpMLEVw9E6KOcJVGmhXB/"],13],[13,"btnReceive<Button>",3,0.85,-54,[0,"9aTUS6Bp5Fr6jfozIObDUc"],[[6,"9d016bBiB5J1prtR6VcBPd4","onBtnReceiveClick",1]],[4,4292269782],-53,14],[18,"btnReceive<Widget>",4,2.200000000000003,1,-55,[0,"bexBjDRLNOEoQWmig30L+3"]],[9,-56,[0,"9eymAgrkNNRKPV1JihyLL1"]]],[1,"18l5r/9BxKBKUJR04ZfgGF",1,0],[1,0,-396.36326629310344,0]],[4,"btnNormal",33554432,1,[[3,"btnNormal<UITransform>",-58,[0,"94xXf4oKpJC7pXu8+0stC1"],[5,120,50.4]],[23,"btnNormal<Label>","普通领取",0,30,30,-59,[0,"44Xg3KmmxAgKC/rK4lU49q"],[4,4289374632]],[20,"btnNormal<Button>",3,0.85,-61,[0,"5f0Kja1FtPoJkRZEoa4e9t"],[[6,"9d016bBiB5J1prtR6VcBPd4","onBtnNormalClick",1]],[4,4292269782],-60],[19,"btnNormal<Widget>",4,300,200,1,-62,[0,"9fu7PEw+ZP+J0a+QZXhm8b"]],[9,-63,[0,"21h9jUQ+NA1J1WDgX7IEo0"]],[10,"btnReceive<LocalizedLabel>","signin.normalReceive",-64,[0,"ccYF/iGOZEhIbwEFCnMoW8"]]],[1,"5eNA+Q+MZLNYmzXGhuOLKP",1,0],[1,0,-414.8,0]],[7,"content",33554432,[4,2,3,5],[[3,"mainBg<UITransform>",-65,[0,"65HTESzTJGQITyHzMCaJWi"],[5,650,902.7265325862069]],[21,"mainBg<Sprite>",false,1,0,-66,[0,"f57ZmiOONEXIOoVxdhSszP"],15],[28,"mainBg<Widget>",45,0.000033833524904214535,-2.7569827586206905,false,660,890,1,-67,[0,"e0ooNIPP1KbI+7hUikujzw"]]],[1,"94VwCHYVFCfp1zMxNvZZld",1,0],[1,0,-1.3937164655172296,1]],[4,"btnClose",33554432,1,[[3,"btnNormal<UITransform>",-68,[0,"2eiFUSh7JATL8aRs05qlb/"],[5,61,61]],[13,"btnNormal<Button>",3,0.85,-70,[0,"cdYsSVUpdGBYvtixUpPi2T"],[[6,"9d016bBiB5J1prtR6VcBPd4","onBtnCloseClick",1]],[4,4292269782],-69,16],[29,"btnNormal<Widget>",9,20,88,1164.3899999999999,1,-71,[0,"5d+OiF3INEF4EwHcxXXyUv"]],[9,-72,[0,"b0L2o5CxdA9YH4fA+IwwX6"]],[35,-73,[0,"4fZHilT+JG7qmxmP42D+KC"],17]],[1,"c4MrBHnqxPt4jo583OEn9U",1,0],[1,-309.5,521.5,0]],[15,"btnNotYet",false,33554432,1,[[3,"btnNormal<UITransform>",-74,[0,"1c74PnRYpNTZUBWf4ZbbiA"],[5,120,50.4]],[23,"btnNormal<Label>","暂不领取",0,30,30,-75,[0,"85ss2DAZJFmKWodyxzfWVu"],[4,4289374632]],[20,"btnNormal<Button>",3,0.85,-77,[0,"adh+sJsaBFm5tv4+WpSuMD"],[[6,"9d016bBiB5J1prtR6VcBPd4","onBtnCloseClick",1]],[4,4292269782],-76],[19,"btnNormal<Widget>",4,300,200,1,-78,[0,"15evUzP81Ghr6Dc78aG1NO"]],[9,-79,[0,"bd03hcOeZJ9qzfaVW44wmO"]],[10,"btnReceive<LocalizedLabel>","signin.notYet",-80,[0,"99LF4u0kpHm4GHpCaG89EQ"]]],[1,"caQZ+a4JFBTq0kb9TnNXNi",1,0],[1,0,-414.8,0]],[26,"content",33554432,5,[-84,-85],[[2,-81,[0,"c4HDvvgwJNv76v+iLbN7/V"],[5,72.89,100]],[22,1,1,15,true,-82,[0,"93GulwTlpAErCXzyrCbWTQ"]],[22,1,1,10,true,-83,[0,"3ct3nqG5BMZLxJU7rLExbt"]]],[1,"6aBghRle1Kx5l8MHFEgXi3",1,0]],[16,"main",33554432,1,[-88,7],[[3,"main<UITransform>",-86,[0,"41NeyOOgVCub0CVaq/hBWk"],[5,650,900]],[8,"main<Widget>",40,35,35,113.78800000000001,266.212,650,900,1,-87,[0,"00NtCgOlBEwbVhqiBYkGFe"]]],[1,"b0d/7sNv9GvpwYmiXzP+3C",1,0],[1,0,60,-1]],[16,"title",33554432,11,[-92],[[3,"title<UITransform>",-89,[0,"68cIryf6pG6KHR2YvxQ1Nz"],[5,270,80]],[36,"title<Sprite>",false,0,-90,[0,"0dykyN8O5Hc4Aw3sqSJrZQ"],1],[8,"title<Widget>",1,193.648,186.352,-69.52699999999999,885.315,270,80,1,-91,[0,"0c56TyIy5FlbjHnlOoXv/P"]]],[1,"5fDc4VUj1Mi4nN3ElUfwro",1,0],[1,3.648,479.52700000000004,1]],[11,"bg",33554432,1,[[3,"bg<UITransform>",-93,[0,"4eaJ2vY71JGqNaxDvLJ/5w"],[5,720,1280]],[37,"bg<Sprite>",0,-94,[0,"91RnzQ8ytFsZ679giCjH0u"],[4,3355443200],0],[17,"bg<Widget>",45,100,100,1,-95,[0,"f1hzo9f6RMvKBDKR7bDcTQ"]]],[1,"64P9L+oANBrK0H4XsEBrqE",1,0]],[4,"txt",33554432,12,[[2,-96,[0,"47fZpipbdK5oehrUxz0Vut"],[5,160,63]],[42,"七日登录",0,0,40,50,-97,[0,"aeUHBW7QBGVZu2v5oDTroi"]],[10,"btnReceive<LocalizedLabel>","signin.title",-98,[0,"2aADTOLrtN8bauO5yT1/ct"]]],[1,"f4vBgmFq5OM4y5Iqw6AKBm",1,0],[1,-1.836,-9.174,0]],[11,"txt",33554432,3,[[2,-99,[0,"31Es3gj25OHa2gFL1iD2JR"],[5,128,50.4]],[24,"双倍领取",32,32,true,-100,[0,"58Shz4SU9IZKaaWFIQwNtJ"],[4,4287781120]],[43,"signin.doubleReceive",-101,[0,"eaHB5X9/FIV6DxpWpfT2eG"]]],[1,"58MTVqmf1H942s24/1qpVX",1,0]],[11,"txt",33554432,10,[[2,-102,[0,"84xFtRlcNO0od2n62bkRWA"],[5,72.89,50.4]],[24,"领 取",32,32,true,-103,[0,"d2PUVuiIlLDZXUp7sHEK5x"],[4,4287781120]],[10,"btnReceive<LocalizedLabel>","signin.receive",-104,[0,"77ZH6AJ/hHW7SG8jRZNE+j"]]],[1,"37UqyI9tlObZQtbRDyJe1V",1,0]],[4,"line01",33554432,4,[[2,-105,[0,"f5lKpMg7hDG55z5ls17H8j"],[5,100,55]],[5,0,-106,[0,"37qkvKVFpESJQf274aXDBz"],2]],[1,"e2Qd+4zOBJsrOA+NSNC4Z8",1,0],[1,-90.213,282.784,0]],[12,"line02",33554432,4,[[2,-107,[0,"17Q/3doPhHfITc1GP4URw5"],[5,90,50]],[5,0,-108,[0,"a2ImR4nNxN5ZpM9QM8II03"],3]],[1,"d3GHQEJbhPU53nhqhrTWfe",1,0],[1,106.622,162.992,0],[3,0,0,-0.7071067811865475,0.7071067811865476],[1,0,0,-90]],[4,"line03",33554432,4,[[2,-109,[0,"6fmXd86otJa7DGTiwd8ZF7"],[5,100,50]],[5,0,-110,[0,"99FoprejhA47DWvcbVH29s"],4]],[1,"3dEbfRZKlGj6bpciO3YuJE",1,0],[1,-84.07100000000003,73.981,0]],[12,"line04",33554432,4,[[2,-111,[0,"a2dQVqisNF0bKWk5jqkZgW"],[5,90,45]],[5,0,-112,[0,"2206VU1lpHvod+nWxQgG1n"],5]],[1,"16RzETbhtONYuh4KIBh5uU",1,0],[1,-194.423,-3.966,0],[3,0,0,-0.7071067811865475,0.7071067811865476],[1,0,0,-90]],[4,"line05",33554432,4,[[2,-113,[0,"bbzHUaHShChLCF7hkgJifv"],[5,100,55]],[5,0,-114,[0,"69/jp8fslOCYExKr36NzjH"],6]],[1,"f7g9uhhYhIuYa2rkxiFJkG",1,0],[1,90.595,-93.408,0]],[12,"line06",33554432,4,[[2,-115,[0,"45wticHa5NNZEIqMdKrWbD"],[5,90,45]],[5,0,-116,[0,"04IN1+nOtKzY4wQ3QUXrRk"],7]],[1,"fcbNkKRshMkoTgBwsQiP+0",1,0],[1,198.593,-174.138,0],[3,0,0,-0.7071067811865475,0.7071067811865476],[1,0,0,-90]],[4,"day01",33554432,2,[[2,-117,[0,"e2rF2JQ2tDeI+GlYwidKC+"],[5,185,130]]],[1,"59qLB6gQhN9paw/qepB/9O",1,0],[1,-206.154,294.299,0]],[4,"day02",33554432,2,[[2,-118,[0,"b6bkhW/rxLJ431Wuq6Fzrf"],[5,370,180]]],[1,"6fxan3gzFEU4UFsb+ReSXg",1,0],[1,113.801,268.68,0]],[4,"day03",33554432,2,[[2,-119,[0,"6dcS7zTOJIS49bDQKoT0L4"],[5,360,115]]],[1,"411461bp1BBqxBEhQuJKVA",1,0],[1,110.287,75.854,0]],[4,"day04",33554432,2,[[2,-120,[0,"6e++j8mItILq1ZKbhRhtZq"],[5,190,180]]],[1,"411461bp1BBqxBEhQuJKVA",1,0],[1,-197.409,100.496,0]],[4,"day05",33554432,2,[[2,-121,[0,"13lXWLm+1MGq+Tylg473sd"],[5,365,130]]],[1,"ac0px9z1FPcZLLpd3D2rBO",1,0],[1,-110.232,-92.118,0]],[4,"day06",33554432,2,[[2,-122,[0,"8dmtAqAkVAS7VS+A5fGlTP"],[5,180,145]]],[1,"bbdrtGf+1NnYZ/v9Scd32h",1,0],[1,201.197,-86.342,0]],[4,"day07",33554432,2,[[2,-123,[0,"0cFiazFGRMDY5zd8jJCok1"],[5,585,150]]],[1,"e7J4EvPy1Ajp19a34ks9g4",1,0],[1,-1.913,-278.384,0]],[27,"icon",false,33554432,3,[[[3,"icon<UITransform>",-124,[0,"53a7i+Ub9EOrwOQodr9Y/u"],[5,70,50]],-125],4,1],[1,"3a2G5tsHBGd4FHXVXeDFhV",1,0],[1,-69,0,0]],[15,"icon",false,33554432,10,[[3,"icon<UITransform>",-126,[0,"31iWmvmJtEXLYBvMgCDDdY"],[5,70,50]],[38,"icon<Sprite>",0,-127,[0,"22iPiwB5lHVaRLdsHM3wPv"],12]],[1,"a94LiQQOtIJK64Nt4tTLpS",1,0],[1,-41.44499999999999,0,0]],[39,"icon<Sprite>",0,30,[0,"3c9N6JFr5J05Tu24gdI3VC"]]],0,[0,6,1,0,0,1,0,0,1,0,-1,23,0,-2,24,0,-3,25,0,-4,26,0,-5,27,0,-6,28,0,-7,29,0,7,32,0,8,8,0,9,5,0,10,3,0,11,6,0,0,1,0,0,1,0,-1,13,0,-2,11,0,-3,6,0,-4,8,0,-5,9,0,0,2,0,0,2,0,0,2,0,-1,23,0,-2,24,0,-3,25,0,-4,26,0,-5,27,0,-6,28,0,-7,29,0,0,3,0,0,3,0,0,3,0,2,3,0,0,3,0,0,3,0,0,3,0,-1,30,0,-2,15,0,0,4,0,0,4,0,0,4,0,-1,17,0,-2,18,0,-3,19,0,-4,20,0,-5,21,0,-6,22,0,0,5,0,0,5,0,2,5,0,0,5,0,0,5,0,0,5,0,-1,10,0,0,6,0,0,6,0,2,6,0,0,6,0,0,6,0,0,6,0,0,6,0,0,7,0,0,7,0,0,7,0,0,8,0,2,8,0,0,8,0,0,8,0,0,8,0,0,8,0,0,9,0,0,9,0,2,9,0,0,9,0,0,9,0,0,9,0,0,9,0,0,10,0,0,10,0,0,10,0,-1,31,0,-2,16,0,0,11,0,0,11,0,-1,12,0,0,12,0,0,12,0,0,12,0,-1,14,0,0,13,0,0,13,0,0,13,0,0,14,0,0,14,0,0,14,0,0,15,0,0,15,0,0,15,0,0,16,0,0,16,0,0,16,0,0,17,0,0,17,0,0,18,0,0,18,0,0,19,0,0,19,0,0,20,0,0,20,0,0,21,0,0,21,0,0,22,0,0,22,0,0,23,0,0,24,0,0,25,0,0,26,0,0,27,0,0,28,0,0,29,0,0,30,0,-2,32,0,0,31,0,0,31,0,12,1,2,3,7,3,3,7,4,3,7,5,3,7,7,3,11,127],[0,0,0,0,0,0,0,0,0,0,0,0,0,0,0,0,0,0,0,0,0,0,0,32],[1,1,1,1,1,1,1,1,1,1,1,4,1,1,4,1,4,1,13,14,15,16,17,1],[6,7,0,0,0,0,0,0,3,3,1,1,2,1,1,8,4,4,1,9,2,10,11,2]]]]
