[1,["a8387ac6-6966-4070-8e50-30f5b47a42c3","c4be0f98-2ef6-4b76-bd55-e16ba39f78fd","933a6531-2595-4085-91a3-307eba7061ec@5d0b5","fe30789f-0bc5-4dd0-8d10-397dcf111d2c@6c48a","1baf0fc9-befa-459c-8bdd-af1a450a0319"],["node","asset","root","data","_mesh","mainTexture","_effectAsset"],[["cc.Node",["_name","_prefab","_children","_components","_parent","_lpos","_lrot","_lscale","_euler"],2,4,2,9,1,5,5,5,5],["cc.Prefab",["_name"],2],["e6d4fVD3pxJ7Y1Khf8fRUoa",["_name","maxSpeed","minSpeed","node","__prefab"],0,1,4],["cc.CompPrefabInfo",["fileId"],2],["cc.BoxCollider",["node","__prefab","_center","_size"],3,1,4,5,5],["cc.RigidBody",["_mass","_linearDamping","_angularDamping","_useGravity","node","__prefab"],-1,1,4],["cc.PrefabInfo",["fileId","root","asset"],2,1,6],["cc.MeshRenderer",["node","__prefab","_materials","lightmapSettings","_mesh"],3,1,4,3,4,6],["cc.ModelLightmapSettings",[],3],["cc.Material",["_states","_defines","_props"],1,12]],[[3,0,2],[6,0,1,2,2],[0,0,4,2,1,2],[1,0,2],[0,0,2,3,1,5,2],[0,0,4,3,1,6,7,8,2],[2,0,1,2,3,4,4],[4,0,1,2,3,1],[5,0,1,2,3,4,5,5],[7,0,1,2,3,4,1],[8,1],[9,0,1,2,3]],[[[[3,"car202"],[4,"car202",[-5],[[6,"car<car>",0.3,0.02,-2,[0,"8cLGDWd/RGh6pMqrgoaPSW"]],[7,-3,[0,"c3KFonONZKn5Qxb2NZOFzf"],[1,0,0.4,0],[1,0.7,0.7,1.3]],[8,10,0,0,false,-4,[0,"5fVXhmoC5AD6edivXhG6At"]]],[1,"33Uhs1dolM3a6GcJG6G6wf",-1,5],[1,-1,0,45]],[2,"truck02",1,[-6],[1,"Node.833",1,4]],[2,"RootNode",2,[-7],[1,"Node.834",1,3]],[5,"car_005_0",3,[[9,-8,[0,"82rMqC2I1L/6HSjdZY3LXh"],[0],[10],1]],[1,"Node.835",1,2],[3,-5.338508038181781e-8,0.7071067811865455,0.7071067811865455,5.338508038181781e-8],[1,74.0360412597656,74.0360412597656,74.0360412597656],[1,-89.99999999999999,179.9999913485774,0]]],0,[0,2,1,0,0,1,0,0,1,0,0,1,0,-1,2,0,-1,3,0,-1,4,0,0,4,0,3,1,8],[0,0,0,0,0,0],[-1,4,1,1,1,1],[1,2,0,0,0,0]],[[[11,[{"blendState":{"targets":[{}]},"depthStencilState":{},"rasterizerState":{}}],[{"USE_ALBEDO_MAP":true,"ROUGHNESS_CHANNEL":"g","METALLIC_CHANNEL":"b","OCCLUSION_CHANNEL":"r"}],[[[{"occlusion":1,"roughness":0.70710676908493,"metallic":0.400000005960464,"alphaThreshold":1,"normalStrenth":1},"albedoScale",8,[2,1,1,1,1],"pbrScale",8,[2,1,0.70710676908493,0.400000005960464,1],"mainTexture",6,0]],11]]],0,0,[0,0],[5,6],[3,4]]]]
