[1,["20835ba4-6145-4fbc-a58a-051ce700aa3e@f9941","544e49d6-3f05-4fa8-9a9e-091f98fc2ce8@f9941","951249e0-9f16-456d-8b85-a6ca954da16b@f9941","97243e5b-17bc-46f4-9764-8d015bff1975@f9941","6e908a59-c057-448a-bc55-6484827f3a82@f9941","4f2f6688-7d56-4073-8bfd-f2947e86a7ec@f9941","b5862106-f04c-4691-8ec6-da20132a7bdd@6c48a","c48d31cd-2d92-405e-93a1-d28c67cbb357@6c48a","c62b264d-3ab9-459f-a314-8e1c29c9010e@6c48a","f2e4fc4b-2a47-4f18-859d-d4a8643fbedf@f9941","c48d31cd-2d92-405e-93a1-d28c67cbb357@f9941","c62b264d-3ab9-459f-a314-8e1c29c9010e@f9941","e3597585-874d-4469-be8c-3dde78753407@f9941","b5862106-f04c-4691-8ec6-da20132a7bdd@f9941","6cfc706b-f748-4b66-9436-2338899a4c42@f9941"],["node","_spriteFrame","_target","_normalSprite","_textureSource","_hoverSprite","_pressedSprite","_disabledSprite","root","spIcon","nodeClickBtn","nodeMenu","nodeBox","lbReward","nodeReward","progress","data","_parent"],[["cc.Sprite",["_sizeMode","_isTrimmedMode","_type","_name","node","__prefab","_spriteFrame","_color"],-1,1,4,6,5],["cc.Node",["_name","_layer","_active","_components","_prefab","_children","_parent","_lpos"],0,9,4,2,1,5],["cc.Label",["_string","_actualFontSize","_fontSize","_lineHeight","_isBold","_overflow","_enableWrapText","_isUnderline","node","__prefab","_color"],-5,1,4,5],"cc.SpriteFrame",["cc.UITransform",["_name","node","__prefab","_contentSize","_anchorPoint"],2,1,4,5,5],["cc.Widget",["_alignFlags","_alignMode","_originalWidth","_originalHeight","_bottom","_top","node","__prefab"],-3,1,4],["cc.Button",["_transition","_zoomScale","_name","node","__prefab","_normalColor","_target","_normalSprite","clickEvents","_hoverSprite","_pressedSprite","_disabledSprite"],0,1,4,5,1,6,9,6,6,6],["cc.Node",["_name","_layer","_parent","_components","_prefab","_lpos","_children"],1,1,12,4,5,2],["cc.Layout",["_layoutType","_spacingX","_resizeMode","node","__prefab"],0,1,4],["cc.Prefab",["_name"],2],["cc.CompPrefabInfo",["fileId"],2],["884dcSQc2hHsJby3+7ljIyd",["node","__prefab","progress","nodeReward","lbReward","nodeBox","nodeMenu","nodeClickBtn","spIcon"],3,1,4,1,1,1,1,1,1,1],["cc.PrefabInfo",["fileId","root","asset"],2,1,1],["cc.ClickEvent",["_componentId","handler","target"],1,1],["c4c1axXN+NL4oYQEr2M4qn2",["_dataID","node","__prefab"],2,1,4],["cc.ProgressBar",["_totalLength","_progress","node","__prefab","_barSprite"],1,1,4,1]],[[10,0,2],[12,0,1,2,2],[4,1,2,3,1],[14,0,1,2,2],[1,0,1,6,3,4,7,3],[1,0,1,6,5,3,4,7,3],[1,0,1,6,3,4,3],[7,0,1,2,3,4,5,3],[0,0,1,4,5,6,3],[13,0,1,2,3],[1,0,2,1,6,5,3,4,7,4],[5,0,2,3,1,6,7,5],[5,0,4,1,6,7,4],[6,0,1,3,4,8,5,6,7,9,10,11,3],[9,0,2],[1,0,1,5,3,4,3],[1,0,1,5,3,4,7,3],[7,0,1,2,6,3,4,5,3],[4,0,1,2,3,2],[4,1,2,3,4,1],[5,0,5,1,6,7,4],[11,0,1,2,3,4,5,6,7,8,1],[0,2,0,1,4,5,6,4],[0,3,2,0,1,4,5,6,5],[0,2,0,4,5,6,3],[0,0,4,5,7,6,2],[0,2,0,1,4,5,4],[0,0,1,4,5,3],[6,2,0,1,3,4,8,5,6,7,9,10,11,4],[6,3,4,5,6,7,1],[8,0,1,3,4,3],[8,2,0,3,4,3],[2,0,1,2,3,8,9,10,5],[2,0,1,2,4,8,9,10,5],[2,0,1,2,5,6,8,9,6],[2,0,1,2,8,9,4],[2,0,1,2,7,8,9,5],[2,0,1,3,8,9,4],[15,0,1,2,3,4,3]],[[[{"name":"fightImgLineRed","rect":{"x":0,"y":0,"width":547,"height":24},"offset":{"x":0,"y":0},"originalSize":{"width":547,"height":24},"rotated":false,"capInsets":[39,10,23,11],"packable":true}],[3],0,[0],[4],[6]],[[{"name":"fightImgGift","rect":{"x":0,"y":2,"width":377,"height":275},"offset":{"x":0,"y":-1},"originalSize":{"width":377,"height":277},"rotated":false,"capInsets":[0,0,0,0],"packable":true}],[3],0,[0],[4],[7]],[[{"name":"fightImgLineYellow","rect":{"x":0,"y":0,"width":547,"height":24},"offset":{"x":0,"y":0},"originalSize":{"width":547,"height":24},"rotated":false,"capInsets":[35,10,42,12],"packable":true}],[3],0,[0],[4],[8]],[[[14,"clickBox"],[15,"clickBox",33554432,[-12,-13,-14,-15,-16,-17,-18],[[2,-2,[0,"3a94R5P3JOUa5sTxGDeG+H"],[5,720,1280]],[11,45,100,100,1,-3,[0,"31/eyohfpO97UQr7D5NLa5"]],[21,-11,[0,"37QkfS8ElNJYRwaOCK2qRm"],-10,-9,-8,-7,-6,-5,-4]],[1,"20ZrgEeWxNLIR7bNa3/Tux",-1,0]],[5,"btnClick",33554432,1,[-24],[[2,-19,[0,"3aZ/AJMxVLhY8XJCizw73j"],[5,208,88]],[22,1,2,false,-20,[0,"b14c5sum1Mi6DezInY0Lp2"],5],[13,3,0.95,-22,[0,"6ekdaxaTFD6aSELjUQyd2b"],[[9,"884dcSQc2hHsJby3+7ljIyd","onBtnBoxClick",1]],[4,4292269782],-21,6,7,8,9],[12,4,50,1,-23,[0,"35f10LtklOgrunUJZ4Fk55"]]],[1,"09wvFD6ZlGCpMwgq+OaUU0",1,0],[1,0,-546,0]],[16,"btnDouble",33554432,[-30,-31],[[18,"btnDouble<UITransform>",-25,[0,"b8/BGpO/pN6KHJ/hP5Lk0Q"],[5,208,88]],[23,"btnDouble<Sprite>",1,2,false,-26,[0,"fekNVmdRZOXrCnsPJwRFUG"],11],[28,"btnDouble<Button>",3,0.95,-28,[0,"d1+8sWCr9J9Ig+ny0VshYK"],[[9,"884dcSQc2hHsJby3+7ljIyd","onBtnDoubleClick",1]],[4,4292269782],-27,12,13,14,15],[30,1,10,-29,[0,"3dZC0NrLVKd5ifPKBohMIn"]]],[1,"87TjClOUJJZrqF6jCTgqfG",1,0],[1,0,20,0]],[17,"progress",33554432,1,[-36,-37],[[[2,-32,[0,"5bjssq049LgLWF/MIh9MtR"],[5,547,24]],[24,1,0,-33,[0,"96EMmDSiBBEKjIIXJU4Dqa"],4],-34,[12,4,210,1,-35,[0,"ebBPmFhqBPjbQLEBmKkXgI"]]],4,4,1,4],[1,"096lAx+J9JZ4vDEaV5J5RC",1,0],[1,0,-418,0]],[6,"bg",33554432,1,[[2,-38,[0,"54V3Xwba1EN7X1DFrBRMUP"],[5,720,1280]],[25,0,-39,[0,"fcIqICMLJKULwWRaRSXN+S"],[4,3875536895],0],[11,45,100,100,1,-40,[0,"9439jKoJpDl7RprAEAGPA1"]],[29,-42,[0,"dbh3SGcfJP2rJ4OmUs0tAc"],[4,4292269782],-41,1]],[1,"9adMQSGBZORKo3WLU/NTF1",1,0]],[10,"menu",false,33554432,1,[3,-45],[[2,-43,[0,"69iOL4eKZDyKu5cLU30h6a"],[5,208,128]],[31,1,2,-44,[0,"89pHnc0SRHQpu5zVC7A7oH"]]],[1,"42rEOJcHVCcoO53CBogO9y",1,0],[1,0,-404.381,0]],[5,"title",33554432,1,[-49],[[2,-46,[0,"f2B/11syFM25vgjZ4x7Q+6"],[5,482,124]],[8,2,false,-47,[0,"7dC9KN4mhJdrKs+QaErjYZ"],2],[20,1,130,1,-48,[0,"77dWA5ch9FD7gmzLZB1k6u"]]],[1,"63zOPuSaxCG5goyIoPwus4",1,0],[1,0,448,0]],[10,"reward",false,33554432,1,[-52],[[2,-50,[0,"ef6X7xkUBD0rj3mH+z+rwT"],[5,268,209]],[8,2,false,-51,[0,"abaPonKUpPqqrOB0gy3JIu"],10]],[1,"90v3cHC8hMJaM3F5PFMbKx",1,0],[1,0,85.659,0]],[5,"btnNormal",33554432,6,[-56],[[2,-53,[0,"e2qLeBLOVByaR+Fp3soUNu"],[5,100,40]],[13,3,0.95,-55,[0,"a4l5RFT95AS5U0fFpyeJGk"],[[9,"884dcSQc2hHsJby3+7ljIyd","onBtnNormalClick",1]],[4,4292269782],-54,16,17,18,19]],[1,"68id0JdydHUZR0UgvgTmQL",1,0],[1,0,-44,0]],[4,"txt",33554432,7,[[2,-57,[0,"8ahsIY4UVE7YVWJ4hJY2XO"],[5,168,63]],[32,"神秘大礼",42,42,50,-58,[0,"5czoxFB/NCHYPefynlgNqE"],[4,4288602879]],[3,"clickBox.title",-59,[0,"7cXvO9crxLbbVF7n2A0U7S"]]],[1,"f94wA48IBIwJ+wv0SBJy58",1,0],[1,0,14,0]],[4,"box",33554432,1,[[2,-60,[0,"3dBBO6zZhN/LRmKGa5ULmB"],[5,377,277]],[8,2,false,-61,[0,"ebTrwaVJFPs4CnXlhe5RYH"],3]],[1,"cfz41CHyBPKp/XJn21qTVt",1,0],[1,0,100,0]],[4,"tips",33554432,4,[[2,-62,[0,"05hRRY83FAu7NPtJ6N5nCa"],[5,192,50.4]],[33,"点的越快奖励越多",24,24,true,-63,[0,"cdFOIfgyNOl4ziw2IFnhth"],[4,4290833661]],[3,"clickBox.progress",-64,[0,"88WfUojiFNsqPYktctkq0d"]]],[1,"9201imKIlKH5ir/ZQpjjLm",1,0],[1,0,-33,0]],[6,"Label",33554432,2,[[2,-65,[0,"66E1KPIxdAl5iYo6t6crP9"],[5,100,40]],[34,"快点我",32,32,1,false,-66,[0,"b8x3YugQVJa4ZGXGaWn/U2"]],[3,"clickBox.clickMe",-67,[0,"2aDe0Sd6NG46jzaAcPjYpB"]]],[1,"37Mqzt0bpIIZLc2adWTKgT",1,0]],[4,"txt",33554432,3,[[2,-68,[0,"ceCVvYSVtKBpmOpX4CncT+"],[5,96,50.4]],[35,"双倍领取",24,24,-69,[0,"3eb8neVuhEA5AOrSmm3cl3"]],[3,"clickBox.doubleReceive",-70,[0,"b9YUm7F21Ah4QNm4Wlxv3U"]]],[1,"68fakTmO1CA4dKvMHwM2M9",1,0],[1,42,3,0]],[6,"txtNormal",33554432,9,[[2,-71,[0,"91jVal1xJMnqmuLw1T2egk"],[5,96,50.4]],[36,"普通领取",24,24,true,-72,[0,"0aGfyzqE1Mcp7XhrbuBp8p"]],[3,"clickBox.normalReceive",-73,[0,"aaHXva+B9N7IdABmQM4Ao/"]]],[1,"82KC0/ZVhMC67H0TjhBUZw",1,0]],[7,"Bar",33554432,4,[[[19,-74,[0,"b9VAY671dEXYKYctz7803k"],[5,437.6,24],[0,0,0.5]],-75],4,1],[1,"c4OabOHpdF0rjR3tH5DcnO",1,0],[1,-273.5,0,0]],[7,"txtReward",33554432,8,[[[2,-76,[0,"5bWldFNX1OxroxJgTfTYsL"],[5,90.1,63]],-77],4,1],[1,"c2edlKvCJIx7VVzY35IxSE",1,0],[1,0,-175.464,0]],[7,"icon",33554432,3,[[[2,-78,[0,"91hZl77bNMI6OtDrkbS7nx"],[5,68,48]],-79],4,1],[1,"97D6nS7mRGXZYoRaasIhL3",1,0],[1,-50,3,0]],[26,1,0,false,16,[0,"9fut8606lHpZI0a9Y4Iitz"]],[38,547,0.8,4,[0,"97Ps2lfOdIPa7nL1Q/iA6j"],19],[37,"+500",40,50,17,[0,"1fUGH4MdhHr7LRLbzX4ZwB"]],[27,0,false,18,[0,"60A9CltQVOmaB/Gr8JYz85"]]],0,[0,8,1,0,0,1,0,0,1,0,9,22,0,10,2,0,11,6,0,12,11,0,13,21,0,14,8,0,15,20,0,0,1,0,-1,5,0,-2,7,0,-3,11,0,-4,4,0,-5,2,0,-6,8,0,-7,6,0,0,2,0,0,2,0,2,2,0,0,2,0,0,2,0,-1,13,0,0,3,0,0,3,0,2,3,0,0,3,0,0,3,0,-1,18,0,-2,14,0,0,4,0,0,4,0,-3,20,0,0,4,0,-1,16,0,-2,12,0,0,5,0,0,5,0,0,5,0,2,5,0,0,5,0,0,6,0,0,6,0,-2,9,0,0,7,0,0,7,0,0,7,0,-1,10,0,0,8,0,0,8,0,-1,17,0,0,9,0,2,9,0,0,9,0,-1,15,0,0,10,0,0,10,0,0,10,0,0,11,0,0,11,0,0,12,0,0,12,0,0,12,0,0,13,0,0,13,0,0,13,0,0,14,0,0,14,0,0,14,0,0,15,0,0,15,0,0,15,0,0,16,0,-2,19,0,0,17,0,-2,21,0,0,18,0,-2,22,0,16,1,3,17,6,79],[0,0,0,0,0,0,0,0,0,0,0,0,0,0,0,0,0,0,0,0,19,22],[1,3,1,1,1,1,3,5,6,7,1,1,3,5,6,7,3,5,6,7,1,1],[3,3,9,10,11,4,4,0,1,2,12,5,5,0,1,2,0,0,1,2,13,14]]]]
