[1,["20835ba4-6145-4fbc-a58a-051ce700aa3e@f9941","544e49d6-3f05-4fa8-9a9e-091f98fc2ce8@f9941","951249e0-9f16-456d-8b85-a6ca954da16b@f9941","4f2f6688-7d56-4073-8bfd-f2947e86a7ec@f9941","6e908a59-c057-448a-bc55-6484827f3a82@f9941","f86c241f-6b2c-4a79-adec-27043f46bf06@f9941","279eeefe-087a-43e1-a753-57831a40efd1@6c48a","e1d18b6e-dafd-47d9-b790-d91b29058531@6c48a","97243e5b-17bc-46f4-9764-8d015bff1975@f9941","e1d18b6e-dafd-47d9-b790-d91b29058531@f9941","fa8985a7-3da2-40f2-904d-e257bdbfd91d@f9941","f2e4fc4b-2a47-4f18-859d-d4a8643fbedf@f9941","279eeefe-087a-43e1-a753-57831a40efd1@f9941","9363ef2c-80db-41e6-8276-5a00e5671242@f9941","86f7316a-4f01-4754-9e05-1479dab41973","005e83b4-1fa6-4591-a495-17073bd114d7@f9941","6cfc706b-f748-4b66-9436-2338899a4c42@f9941","fa8985a7-3da2-40f2-904d-e257bdbfd91d@6c48a"],["node","_spriteFrame","_textureSource","_parent","_normalSprite","_hoverSprite","_pressedSprite","_disabledSprite","_target","root","spAdBtn","spAdIcon","spLotteryBtn","lbMoney","btnAd","btnLottery","ndBtnClose","nodeTurnable","data","pfRewardItem","imgLotteryBtnDisable","imgLotteryBtnEnable","imgAdBtnEnable"],[["cc.Node",["_name","_layer","_components","_prefab","_parent","_children","_lpos","_lrot","_euler"],1,9,4,1,2,5,5,5],["cc.Sprite",["_sizeMode","_isTrimmedMode","_type","_name","node","__prefab","_spriteFrame","_color"],-1,1,4,6,5],"cc.SpriteFrame",["cc.Node",["_name","_layer","_active","_components","_prefab","_lpos","_parent","_children"],0,12,4,5,1,2],["cc.UITransform",["_name","node","__prefab","_contentSize"],2,1,4,5],["cc.Widget",["_alignFlags","_alignMode","_originalWidth","_originalHeight","_left","_top","_bottom","node","__prefab"],-4,1,4],["cc.Button",["_transition","_zoomScale","_name","node","__prefab","_normalColor","_target","clickEvents","_normalSprite","_hoverSprite","_pressedSprite","_disabledSprite"],0,1,4,5,1,9,6,6,6,6],["cc.Label",["_string","_actualFontSize","_fontSize","_enableWrapText","_isBold","_lineHeight","_name","node","__prefab","_color"],-4,1,4,5],["f130br9GwZGkJEkRGonhXxR",["_name","node","__prefab"],2,1,4],["cc.Prefab",["_name"],2],["cc.CompPrefabInfo",["fileId"],2],["d7ed7RMvvZIvbdJyWwfIGDy",["node","__prefab","arrRewardNode","nodeTurnable","ndBtnClose","btnLottery","btnAd","lbMoney","spLotteryBtn","spAdIcon","spAdBtn","pfRewardItem","imgLotteryBtnDisable","imgLotteryBtnEnable","imgAdBtnEnable"],3,1,4,2,1,1,1,1,1,1,1,1,6,6,6,6],["cc.PrefabInfo",["fileId","root","asset"],2,1,1],["cc.ClickEvent",["_componentId","handler","target"],1,1],["cc.Layout",["_layoutType","_spacingX","_spacingY","node","__prefab"],0,1,4],["c4c1axXN+NL4oYQEr2M4qn2",["_dataID","node","__prefab"],2,1,4]],[[10,0,2],[12,0,1,2,2],[4,1,2,3,1],[0,0,1,4,2,3,7,8,3],[0,0,1,4,2,3,6,3],[4,0,1,2,3,2],[4,1,2,1],[1,0,1,4,5,6,3],[0,0,1,4,5,2,3,6,3],[13,0,1,2,3],[0,0,1,5,2,3,3],[0,0,1,4,2,3,3],[3,0,1,7,3,4,5,3],[5,0,2,3,1,7,8,5],[6,2,0,1,3,4,7,5,6,4],[8,0,1,2,2],[1,3,2,0,1,4,5,5],[15,0,1,2,2],[9,0,2],[3,0,1,6,3,4,5,3],[3,0,2,1,6,3,4,5,4],[5,0,4,5,1,7,8,5],[5,0,6,1,7,8,4],[11,0,1,2,3,4,5,6,7,8,9,10,11,12,13,14,1],[6,3,4,5,6,1],[6,0,1,3,4,7,5,6,8,9,10,11,3],[8,1,2,1],[1,2,0,1,4,5,6,4],[1,0,4,5,7,6,2],[1,3,0,1,4,5,4],[14,0,1,2,3,4,4],[7,0,1,5,7,8,9,4],[7,6,0,1,2,3,4,7,8,9,7],[7,0,1,2,3,4,7,8,9,6]],[[[{"name":"lotteryImg03","rect":{"x":0,"y":0,"width":150,"height":226},"offset":{"x":0,"y":0},"originalSize":{"width":150,"height":226},"rotated":false,"capInsets":[0,0,0,0],"packable":true}],[2],0,[0],[2],[6]],[[{"name":"lotteryImg02","rect":{"x":0,"y":0,"width":528,"height":528},"offset":{"x":0,"y":0},"originalSize":{"width":528,"height":528},"rotated":false,"capInsets":[0,0,0,0],"packable":true}],[2],0,[0],[2],[7]],[[[18,"lottery"],[10,"lottery",33554432,[-21,-22,-23,-24,-25,-26],[[2,-2,[0,"35t1WP6QpPrYtZmNJPagMH"],[5,720,1280]],[13,45,100,100,1,-3,[0,"ac9eS4fAlCfZ8hOxM0z2oF"]],[23,-18,[0,"7dW0sAeSxDW7TVBzaxWG4D"],[-12,-13,-14,-15,-16,-17],-11,-10,-9,-8,-7,-6,-5,-4,11,12,13,14],[24,-20,[0,"94RL83Gq9J+5mwqHKGRBeb"],[4,4292269782],-19]],[1,"a4H6WRGe5P5aZReAoWXusv",-1,0]],[10,"rewards",33554432,[-28,-29,-30,-31,-32,-33],[[2,-27,[0,"42Md7FaAFCF4X8fTUrLxb6"],[5,528,528]]],[1,"58h58pi1VBaLo78xUuftTp",1,0]],[12,"btnLottery",33554432,[-38,-39],[[[5,"btnLottery<UITransform>",-34,[0,"3faLdnHz1HE65ENcL1ki28"],[5,187.2,79.2]],-35,-36,[15,"btnLottery<btnAdapter>",-37,[0,"d2ZM4P+85LXrOvjbuovtQe"]]],4,1,1,4],[1,"adETTYIkRHoJJ9Ojk2g7hp",1,0],[1,0,59,0]],[12,"btnAd",33554432,[-44,-45],[[[5,"btnAd<UITransform>",-40,[0,"9cvq5rrTZA5a0LoPVOqICP"],[5,208,88]],-41,-42,[15,"btnAd<btnAdapter>",-43,[0,"c7XdGfraVGvIJArr+uodiJ"]]],4,1,1,4],[1,"e1oG5qVq5Ma6XAHiM//BOX",1,0],[1,0,-54.6,0]],[4,"btnClose",33554432,1,[[2,-46,[0,"fbuJFTCStFcb7ZBBxs3KHG"],[5,61,61]],[27,1,2,false,-47,[0,"38t5/stglO2p9zUJ4klVOj"],6],[25,3,0.85,-49,[0,"d6iClaYxJDaIEmTqAzT3vK"],[[9,"d7ed7RMvvZIvbdJyWwfIGDy","onBtnCloseClick",1]],[4,4292269782],-48,7,8,9,10],[26,-50,[0,"28urPihENDAJdiKdfyE+xO"]],[21,8,50,150,1,-51,[0,"5bRJgcnd1JtqE0166vR3Yg"]]],[1,"02k06QKBdJZYBDZKUKvm+z",1,0],[1,-279.5,492.5,0]],[8,"turnable",33554432,1,[-54,2],[[2,-52,[0,"a7vcVoFglGgKDqDlv7+/Kh"],[5,590,590]],[7,2,false,-53,[0,"28nfXXXllMRrV53Y7+mg4w"],2]],[1,"a4fj5YkvdLGK/ZRy0Jv+WF",1,0],[1,0,104,0]],[8,"btns",33554432,1,[3,4],[[2,-55,[0,"1ezflik/JC+q8sm82tXHQP"],[5,555,197.2]],[30,2,55,30,-56,[0,"9eZ0v4bpFFMYHkUgTjSbTO"]],[22,4,178.8,1,-57,[0,"8e2FvMqeFERI/afYYl0N/X"]]],[1,"2cyaReUW1KIrTE0yEQ9n0N",1,0],[1,0,-362.6,0]],[11,"bg",33554432,1,[[2,-58,[0,"e3C/92T0JFmqYTaIBjVIxQ"],[5,720,1280]],[28,0,-59,[0,"8c6LXGDIpHz4gNu5PcERBP"],[4,3372220415],0],[13,45,100,100,1,-60,[0,"f4CQMUWbJPILAFoF45FKig"]]],[1,"17N6wsPnJPU5fRu794PbPr",1,0]],[8,"title",33554432,1,[-63],[[2,-61,[0,"2ax7YJ0pVOZr2MmlP3aRIt"],[5,482,124]],[7,2,false,-62,[0,"acxtyOVpJDB5ze25Fv9x42"],3]],[1,"e1/XqYf3NLxKJX6IDPTo/K",1,0],[1,0,392.572,0]],[4,"txt",33554432,9,[[2,-64,[0,"16D40HShRE2JNd7fh1F4Il"],[5,200,75.6]],[31,"幸运大转盘",40,60,-65,[0,"40rq/dVONJO67i6LAYoSUJ"],[4,4288798975]],[17,"lottery.title",-66,[0,"57m7Zi2LZOa5FcAAiO2TGE"]]],[1,"f1RYqIYPdFIpnoio6JIPDt",1,0],[1,0,11,0]],[4,"Label",33554432,4,[[5,"Label<UITransform>",-67,[0,"08GI6LidlCe6Q1tlAYY5//"],[5,72,50.4]],[32,"Label<Label>","免费",36,36,false,true,-68,[0,"8f80UTO65LvK9M9wGWnY4R"],[4,4287781120]],[17,"lottery.free",-69,[0,"e4ANY5bE5GpY9BV+8Ogb3K"]]],[1,"1duCoItelJ/YdOBZdF53SY",1,0],[1,-1.07,4.796,0]],[11,"fg",33554432,6,[[2,-70,[0,"41RuHN29tB1IyeaVhNKPbR"],[5,528,528]],[7,2,false,-71,[0,"db6c1VxN5FTbrnhzKGuNG3"],1]],[1,"eaZbsCrzlOEIrkr+g7tCgG",1,0]],[3,"item1",33554432,2,[[5,"item1<UITransform>",-72,[0,"92/WTSb0RKup6HPyTqtt1j"],[5,0,0]]],[1,"f81hHkERRN0bPj/5ie4zRb",1,0],[3,0,0,-0.25881904510252074,0.9659258262890683],[1,0,0,-30]],[3,"item2",33554432,2,[[6,-73,[0,"e3IdwR3TdMD685FloT62/I"]]],[1,"96xcYK7d1NBKTdPZHMod9i",1,0],[3,0,0,-0.7071067811865475,0.7071067811865476],[1,0,0,-90]],[3,"item3",33554432,2,[[6,-74,[0,"05zyu7G99CKrObU8QhGIMy"]]],[1,"a6MIXVaN1AqomWAL56ak5z",1,0],[3,0,0,-0.9659258262890683,0.25881904510252074],[1,0,0,-150]],[3,"item4",33554432,2,[[6,-75,[0,"96mz5H/CNFGosozQjFASKr"]]],[1,"a50ZE8vS9LCLuREINku/4L",1,0],[3,0,0,-0.9659258262890683,-0.25881904510252085],[1,0,0,-210]],[3,"item5",33554432,2,[[6,-76,[0,"1fwja83lJNU4gpSnLul/ac"]]],[1,"50p+nfmDxGE4be4b9Vf33I",1,0],[3,0,0,-0.7071067811865476,-0.7071067811865475],[1,0,0,-270]],[3,"item6",33554432,2,[[6,-77,[0,"60pqX+wyJIqa/0GoiKbFJv"]]],[1,"ebHqpze5ZDO7XUrqridvmk",1,0],[3,0,0,0.25881904510252074,0.9659258262890683],[1,0,0,30]],[4,"point",33554432,1,[[2,-78,[0,"56c4LH7OROB5G7X99TpZ8C"],[5,150,226]],[7,2,false,-79,[0,"12U9nwuPFPRoT1EtPDa2u8"],4]],[1,"9fFjyFDVJIVJmzw+H2qZKq",1,0],[1,0,140,0]],[4,"icon",33554432,3,[[2,-80,[0,"3b40oSYodNz5Z4Q0prA040"],[5,49,52]],[7,2,false,-81,[0,"3bLD5iapNF2J2P+ZCbNtHW"],5]],[1,"d6fVJR3B1BKIHKgNRQN25k",1,0],[1,-58,5,0]],[19,"money",33554432,3,[[[2,-82,[0,"3c2q2YUgtO57MyYPzFPqpr"],[5,80.09,50.4]],-83],4,1],[1,"24Nb1yt+ZLErkWIdDpUb7m",1,0],[1,28,3,0]],[20,"icon",false,33554432,4,[[[5,"icon<UITransform>",-84,[0,"cfh3NXH+lCVrC5jBBNh5Yk"],[5,58,40]],-85],4,1],[1,"ceTI1UtmNCbL3lXdxja0oh",1,0],[1,-46,0,0]],[33,"2000",36,36,false,true,21,[0,"4aEdUY68ZDdLKLP/xIQt0j"],[4,4279976099]],[16,"btnLottery<Sprite>",1,0,false,3,[0,"3dJSQa0tdFv4hc3+IIQQKG"]],[14,"btnLottery<Button>",3,0.85,3,[0,"98fuVrCQVNtYGIIkNClaIN"],[[9,"d7ed7RMvvZIvbdJyWwfIGDy","onBtnStartClick",1]],[4,4292269782],3],[29,"icon<Sprite>",2,false,22,[0,"92XqsU+0dPhJBbbWac3XIe"]],[16,"btnAd<Sprite>",1,2,false,4,[0,"e4JP789xpPhox1IKKvuhJd"]],[14,"btnAd<Button>",3,0.85,4,[0,"262jwhkMdIMoeJ/s9XFKJv"],[[9,"d7ed7RMvvZIvbdJyWwfIGDy","onBtnAdClick",1]],[4,4292269782],4]],0,[0,9,1,0,0,1,0,0,1,0,10,27,0,11,26,0,12,24,0,13,23,0,14,28,0,15,25,0,16,5,0,17,6,0,-1,13,0,-2,14,0,-3,15,0,-4,16,0,-5,17,0,-6,18,0,0,1,0,8,1,0,0,1,0,-1,8,0,-2,6,0,-3,9,0,-4,19,0,-5,7,0,-6,5,0,0,2,0,-1,13,0,-2,14,0,-3,15,0,-4,16,0,-5,17,0,-6,18,0,0,3,0,-2,24,0,-3,25,0,0,3,0,-1,20,0,-2,21,0,0,4,0,-2,27,0,-3,28,0,0,4,0,-1,22,0,-2,11,0,0,5,0,0,5,0,8,5,0,0,5,0,0,5,0,0,5,0,0,6,0,0,6,0,-1,12,0,0,7,0,0,7,0,0,7,0,0,8,0,0,8,0,0,8,0,0,9,0,0,9,0,-1,10,0,0,10,0,0,10,0,0,10,0,0,11,0,0,11,0,0,11,0,0,12,0,0,12,0,0,13,0,0,14,0,0,15,0,0,16,0,0,17,0,0,18,0,0,19,0,0,19,0,0,20,0,0,20,0,0,21,0,-2,23,0,0,22,0,-2,26,0,18,1,2,3,6,3,3,7,4,3,7,85],[0,0,0,0,0,0,0,0,0,0,0,0,0,0,0,24,25,25,25,25,26,27,28,28,28,28],[1,1,1,1,1,1,1,4,5,6,7,19,20,21,22,1,4,5,6,7,1,1,4,5,6,7],[8,9,10,11,12,13,5,5,0,1,2,14,15,3,4,3,3,0,1,2,16,4,4,0,1,2]],[[{"name":"lotteryImg01","rect":{"x":0,"y":0,"width":590,"height":590},"offset":{"x":0,"y":0},"originalSize":{"width":590,"height":590},"rotated":false,"capInsets":[0,0,0,0],"packable":true}],[2],0,[0],[2],[17]]]]
