[1,["815cQxr3ZO+YlPAM4iFbu0","fcLlaLsqRAQ5SRetkSm+HC@6b206"],["node","root","data","_mesh"],[["cc.Node",["_name","_layer","_components","_prefab","_children","_lpos","_parent","_lrot","_lscale","_euler"],1,9,4,2,5,1,5,5,5],["cc.Prefab",["_name"],2],["cb937Hy7iRG4Lmi4bEDP0Xo",["node","__prefab"],3,1,4],["cc.CompPrefabInfo",["fileId"],2],["cc.CylinderCollider",["_isTrigger","_radius","_height","node","__prefab","_center"],0,1,4,5],["cc.RigidBody",["_type","node","__prefab"],2,1,4],["cc.PrefabInfo",["fileId","root","asset"],2,1,1],["cc.MeshRenderer",["node","__prefab","_materials","lightmapSettings","_mesh"],3,1,4,3,4,6],["cc.ModelLightmapSettings",[],3],["cc.Mesh",["_native","_hash","_struct"],1,11]],[[3,0,2],[6,0,1,2,2],[1,0,2],[0,0,1,4,2,3,5,3],[0,0,1,6,2,3,7,8,9,3],[2,0,1,1],[4,0,1,2,3,4,5,4],[5,0,1,2,2],[7,0,1,2,3,4,1],[8,1],[9,0,1,2,3]],[[[[2,"pit"],[3,"pit",1,[-5],[[5,-2,[0,"28x8jF9E1Gb50QxP/80W2H"]],[6,true,0.25,1,-3,[0,"cfvf/4QtJDqJgzUB88gsG0"],[1,0,0.5,0]],[7,2,-4,[0,"ba7LqA7iRE+51KVWD8H+LK"]]],[1,"b1p5QwAupZv56WU5AtlpWz",-1,0],[1,2.200000047683716,0.699999988079071,0]],[4,"Icosphere",1,1,[[8,-6,[0,"daeWQPMlpU/rqIRgGekjyk"],[0],[9],1]],[1,"49qjbKhJNaFbx1NX/ejr7Z",1,0],[3,-0.7071068407911908,0,0,0.7071067215818992],[1,100,100,100],[1,-90.00000965934633,0,0]]],0,[0,1,1,0,0,1,0,0,1,0,0,1,0,-1,2,0,0,2,0,2,1,6],[0,0],[-1,3],[0,1]],[[[10,".bin",3047849038,[{"primitives":[{"primitiveMode":7,"vertexBundelIndices":[0],"indexView":{"offset":2880,"length":240,"count":60,"stride":4}}],"vertexBundles":[{"view":{"offset":0,"length":2880,"count":60,"stride":48},"attributes":[{"name":"a_position","format":32,"isNormalized":false},{"name":"a_normal","format":32,"isNormalized":false},{"name":"a_texCoord","format":21,"isNormalized":false},{"name":"a_tangent","format":44,"isNormalized":false}]}]},"minPosition",8,[1,-0.0020997580140829086,-0.002468485152348876,-0.0003106248041149229],"maxPosition",8,[1,0.0025955738965421915,0.0024684451054781675,0.010000670328736305]]],-1],0,0,[],[],[]]]]
