[1,["e3597585-874d-4469-be8c-3dde78753407@f9941","07fdeca0-495a-4e3a-bf6a-43a05745356e@f9941","86abc866-5ea3-405a-9c5b-8d11fdce0cc6","76324a35-8129-4bc0-923b-21ab40dda467@f9941","07fdeca0-495a-4e3a-bf6a-43a05745356e@6c48a","7819c24c-6357-407b-806d-2bcabe9a0092@6c48a","fa3d84eb-124d-4987-9cc5-10a9cb499f9f@f9941","da172d5b-4245-4419-bf3e-610cf5db1733@f9941","7819c24c-6357-407b-806d-2bcabe9a0092@f9941","da172d5b-4245-4419-bf3e-610cf5db1733@6c48a"],["node","_spriteFrame","_textureSource","_target","_normalSprite","root","lbValue","nodeLight","lbDayIndex","nodeBtnAfterFillSign","nodeBtnFillSign","nodeTick","spReward","data","_defaultClip","sfBgBlue","sfYellow","sfGold"],[["cc.Widget",["_alignFlags","_alignMode","_name","_bottom","_originalWidth","_originalHeight","_right","_left","_top","node","__prefab"],-6,1,4],["cc.Node",["_name","_layer","_active","_components","_prefab","_parent","_children","_lpos","_lrot","_euler"],0,9,4,1,2,5,5,5],["cc.Sprite",["_sizeMode","_name","_type","node","__prefab","_spriteFrame"],0,1,4,6],"cc.SpriteFrame",["cc.UITransform",["_name","node","__prefab","_contentSize","_anchorPoint"],2,1,4,5,5],["cc.Button",["_transition","_name","_zoomScale","node","__prefab","clickEvents","_normalColor","_target","_normalSprite"],0,1,4,9,5,1,6],["cc.Label",["_string","_actualFontSize","_horizontalAlign","_fontSize","_name","node","__prefab"],-2,1,4],["cc.Node",["_name","_layer","_parent","_components","_prefab","_lpos"],1,1,12,4,5],["cc.Prefab",["_name"],2],["cc.CompPrefabInfo",["fileId"],2],["8a6efh8jF9Js7ZZXyAL57KG",["_name","node","__prefab","spReward","nodeTick","nodeBtnFillSign","nodeBtnAfterFillSign","lbDayIndex","nodeLight","lbValue","sfBgBlue","sfYellow","sfGold"],2,1,4,1,1,1,1,1,1,1,6,6,6],["cc.PrefabInfo",["fileId","root","asset"],2,1,1],["cc.ClickEvent",["_componentId","handler","target"],1,1],["f130br9GwZGkJEkRGonhXxR",["node","__prefab"],3,1,4],["cc.Layout",["_resizeMode","_layoutType","node","__prefab"],1,1,4],["cc.Animation",["_name","node","__prefab","_clips","_defaultClip"],2,1,4,3,6],["cc.LabelOutline",["_name","node","__prefab","_color"],2,1,4,5],["c4c1axXN+NL4oYQEr2M4qn2",["_dataID","node","__prefab"],2,1,4]],[[9,0,2],[11,0,1,2,2],[4,0,1,2,3,2],[1,0,1,5,3,4,3],[4,1,2,3,1],[12,0,1,2,3],[7,0,1,2,3,4,5,3],[2,1,2,0,3,4,5,4],[2,1,0,3,4,5,3],[0,2,0,3,1,9,10,5],[0,2,0,1,9,10,4],[14,0,1,2,3,3],[6,0,2,1,3,5,6,5],[17,0,1,2,2],[8,0,2],[1,0,1,6,3,4,3],[1,0,1,5,6,3,4,7,3],[1,0,2,1,5,6,3,4,7,4],[1,0,1,5,3,4,8,9,3],[7,0,1,2,3,4,3],[4,0,1,2,3,4,2],[2,2,0,3,4,5,3],[2,1,0,3,4,3],[10,0,1,2,3,4,5,6,7,8,9,10,11,12,2],[0,2,0,4,5,1,9,10,6],[0,0,3,1,9,10,4],[0,2,0,6,3,1,9,10,6],[0,2,0,7,8,1,9,10,6],[5,1,0,2,3,4,5,6,7,8,4],[5,0,3,4,5,6,2],[5,1,0,3,4,5,6,7,8,3],[13,0,1,1],[15,0,1,2,3,4,2],[16,0,1,2,3,2],[6,4,0,1,3,5,6,5],[6,4,0,2,1,5,6,5]],[[[{"name":"dailyBtn01","rect":{"x":0,"y":0,"width":164,"height":54},"offset":{"x":0,"y":0},"originalSize":{"width":164,"height":54},"rotated":false,"capInsets":[66,21,69,25],"packable":true}],[3],0,[0],[2],[4]],[[{"name":"dailyImg02","rect":{"x":0,"y":0,"width":590,"height":154},"offset":{"x":0,"y":0},"originalSize":{"width":590,"height":154},"rotated":false,"capInsets":[0,0,0,0],"packable":true}],[3],0,[0],[2],[5]],[[[14,"signInItem"],[15,"signInItem",33554432,[-13,-14,-15,-16,-17,-18,-19],[[2,"signInItem<UITransform>",-2,[0,"efqNE2udtOGICfEHudubcb"],[5,720,1280]],[7,"signInItem<Sprite>",1,0,-3,[0,"75QZTUrKNI6IMO4+2o6dVZ"],8],[23,"signInItem<signInItem>",-11,[0,"6d/mWWJEBJ37pfYfPAr7Jn"],-10,-9,-8,-7,-6,-5,-4,9,10,11],[24,"signInItem<Widget>",45,185,130,1,-12,[0,"37O4ZkbZVCDYOVVqgk4cTt"]]],[1,"59qLB6gQhN9paw/qepB/9O",-1,0]],[16,"fillSign",33554432,1,[-27],[[2,"fillSign<UITransform>",-20,[0,"2bW6v1crpE4LYNpkGr2QOt"],[5,90,50]],[7,"fillSign<Sprite>",1,0,-21,[0,"4744vItoVG0Z5oNEOwudT2"],5],[28,"fillSign<Button>",3,0.85,-23,[0,"e4HcaQ7JFFQKmy8a636yjR"],[[5,"8a6efh8jF9Js7ZZXyAL57KG","onBtnFillSignInClick",1]],[4,4292269782],-22,6],[9,"fillSign<Widget>",20,-25,1,-24,[0,"e7OFs8DRZLaIc4dNduF4fW"]],[31,-25,[0,"117tQLF8pBML6wlAReY2zc"]],[11,1,1,-26,[0,"b3yMPzc6FF04Xv3XE/ur2J"]]],[1,"2br3wtrZxH9YdauKebYPE5",1,0],[1,0,-640,0]],[17,"afterFillSign",false,33554432,1,[-33],[[4,-28,[0,"ablvZgOjRHS4Cly2JilIBQ"],[5,90,50]],[21,1,0,-29,[0,"ed0KIW1MdCG7gozXWr2vF/"],7],[29,3,-30,[0,"2eYsmkVPhMtphau+Pj9Vij"],[[5,"8a6efh8jF9Js7ZZXyAL57KG","onBtnAfterFillSignClick",1]],[4,4292269782]],[25,20,-25.221999999999994,1,-31,[0,"3cnWJ55BdFdaO47iqAihpl"]],[11,1,1,-32,[0,"72dNlD8PVIgaNKsDv9Hnt6"]]],[1,"61OTXTwlFOG7rHhQJa122B",1,0],[1,0,-640.222,0]],[18,"light",33554432,1,[[2,"light<UITransform>",-34,[0,"f0Pm+d5IZMe7V31T7Mdr7v"],[5,250,250]],[8,"light<Sprite>",0,-35,[0,"09O7aiuelGZacqwIXaO18a"],0],[10,"light<Widget>",18,1,-36,[0,"3bdwcpsOZF8o9uvidVVNkG"]],[32,"light<Animation>",-37,[0,"08gFQrP4FOpa3QYvqQ1IIu"],[1],2]],[1,"12qNaG0htHLY96qe+m6hMJ",1,0],[3,0,0,0.3077842540634165,0.9514561750026252],[1,0,0,35.851499950513244]],[19,"reward",33554432,1,[[[2,"award<UITransform>",-38,[0,"12g/yeC2hDpow7XUOAOoai"],[5,140,100]],-39,[30,"award<Button>",3,-41,[0,"03H/QEaCtH0pQCU6IY8ew8"],[[5,"8a6efh8jF9Js7ZZXyAL57KG","onBtnAfterFillSignClick",1]],[4,4292269782],-40,3],[10,"award<Widget>",18,1,-42,[0,"6e4h+tDoxEmL4NMXh0AFtb"]]],4,1,4,4],[1,"47H0tKqjFAXr09E3bvkijr",1,0]],[6,"value",33554432,1,[[[20,"value<UITransform>",-43,[0,"1a+2npHz9FdKp85qIg+nCb"],[5,70.74,50.4],[0,1,0.5]],-44,[33,"value<LabelOutline>",-45,[0,"29RupdPZVL66T/45PgV+uH"],[4,4278321407]],[26,"value<Widget>",36,7.001999999999995,14.152999999999999,1,-46,[0,"1bLKdbABJBwY5xono0TRP1"]]],4,1,4,4],[1,"15SmHDGgVFVb+jwd2xfQIj",1,0],[1,352.998,-600.6469999999999,0]],[3,"ok",33554432,1,[[2,"ok<UITransform>",-47,[0,"a09yyKMxhLtamkhiaPUKjD"],[5,100,80]],[8,"ok<Sprite>",0,-48,[0,"1aIjybrmRJy4wSal+4/SLz"],4],[9,"ok<Widget>",18,30,1,-49,[0,"a2GlE9IklAhq8eP9hrUOc7"]]],[1,"0eq2bWrQZFcpE+dLsPT0I+",1,0]],[6,"dayNum",33554432,1,[[[2,"dayNum<UITransform>",-50,[0,"8eQ/e8a65BxbwgDHUdJNWJ"],[5,19.47,50.4]],-51,[27,"dayNum<Widget>",9,15.466999999999999,7.405999999999999,1,-52,[0,"c3g1DVpx5L1IH5oP4sgCYi"]]],4,1,4],[1,"16l+L4DCFM0Lu3oozhIu4C",1,0],[1,-334.798,607.394,0]],[3,"txt",33554432,2,[[4,-53,[0,"4a3YTaQZ5APZuQxa8vCpQw"],[5,70,50.4]],[12,"补签",0,35,35,-54,[0,"4drtbMoN9MC7TJhkAVMF+z"]],[13,"signin.fillSignin",-55,[0,"9aKgEASjhF+Icx/QBsJ1CQ"]]],[1,"2aFbJlTOVL9bIVIRoqzke0",1,0]],[3,"txt",33554432,3,[[4,-56,[0,"b5n2H/BnBHOaaDFrhKtbP0"],[5,70,50.4]],[12,"领取",0,35,35,-57,[0,"ecOpjF/M5EAoYyZ0Akr+Bd"]],[13,"signin.receive",-58,[0,"30imXhM3xF96HLk+cBsN0X"]]],[1,"8f3Nmjoi5A7oiXMyZKDchT",1,0]],[34,"dayNum<Label>","1",35,35,8,[0,"60GfyvffhPcqcGdRUZIRuq"]],[22,"award<Sprite>",0,5,[0,"beAIr9qhZIA44EpU2XvdXX"]],[35,"value<Label>","100",2,40,6,[0,"529NL30dBNMprDJ+1PuClj"]]],0,[0,5,1,0,0,1,0,0,1,0,6,13,0,7,4,0,8,11,0,9,3,0,10,2,0,11,7,0,12,12,0,0,1,0,0,1,0,-1,8,0,-2,4,0,-3,5,0,-4,6,0,-5,7,0,-6,2,0,-7,3,0,0,2,0,0,2,0,3,2,0,0,2,0,0,2,0,0,2,0,0,2,0,-1,9,0,0,3,0,0,3,0,0,3,0,0,3,0,0,3,0,-1,10,0,0,4,0,0,4,0,0,4,0,0,4,0,0,5,0,-2,12,0,3,5,0,0,5,0,0,5,0,0,6,0,-2,13,0,0,6,0,0,6,0,0,7,0,0,7,0,0,7,0,0,8,0,-2,11,0,0,8,0,0,9,0,0,9,0,0,9,0,0,10,0,0,10,0,0,10,0,13,1,58],[0,0,0,0,0,0,0,0,0,0,0,0,12],[1,-1,14,4,1,1,4,1,1,15,16,17,1],[6,2,2,0,7,1,1,1,3,8,3,0,0]],[[{"name":"dailyImgGet","rect":{"x":0,"y":0,"width":93,"height":75},"offset":{"x":0,"y":0},"originalSize":{"width":93,"height":75},"rotated":false,"capInsets":[0,0,0,0],"packable":true}],[3],0,[0],[2],[9]]]]
