[1,["81vhsxyJ5CdpQQk9EmBRpi","42uKhe1QBE36b/ZVBEMdxm","82ySMYweNM96mN7pWQaYmt@41ac8","82ySMYweNM96mN7pWQaYmt@c6e33","82ySMYweNM96mN7pWQaYmt@97b51","82ySMYweNM96mN7pWQaYmt@fd4a2","82ySMYweNM96mN7pWQaYmt@45f73","67hduPMHBGeZ1Gp/Nchq79","82ySMYweNM96mN7pWQaYmt@faad7","82ySMYweNM96mN7pWQaYmt@bbd92","82ySMYweNM96mN7pWQaYmt@10dfa"],["node","_mesh","root","_parent","data"],[["cc.Node",["_name","_layer","_prefab","_parent","_lrot","_lscale","_euler","_components","_lpos","_children"],1,4,1,5,5,5,9,5,12],["cc.Mesh",["_native","_hash","_struct"],1,11],["cc.Prefab",["_name"],2],["cc.PrefabInfo",["fileId","root","asset"],2,1,1],["cc.MeshRenderer",["node","__prefab","_materials","lightmapSettings","_mesh"],3,1,4,3,4,6],["cc.CompPrefabInfo",["fileId"],2],["cc.ModelLightmapSettings",[],3],["cc.MeshCollider",["node","__prefab","_mesh"],3,1,4,6]],[[5,0,2],[3,0,1,2,2],[1,0,1,2,3],[4,0,1,2,3,4,1],[6,1],[7,0,1,2,1],[0,0,1,3,7,2,4,5,6,3],[0,0,3,7,2,8,4,5,6,2],[0,0,3,2,8,4,5,6,2],[2,0,2],[0,0,9,2,2],[0,0,3,7,2,4,5,6,2]],[[[[2,".bin",270798204,[{"primitives":[{"primitiveMode":7,"vertexBundelIndices":[0],"indexView":{"offset":13440,"length":1488,"count":372,"stride":4}}],"vertexBundles":[{"view":{"offset":0,"length":13440,"count":280,"stride":48},"attributes":[{"name":"a_position","format":32,"isNormalized":false},{"name":"a_normal","format":32,"isNormalized":false},{"name":"a_texCoord","format":21,"isNormalized":false},{"name":"a_tangent","format":44,"isNormalized":false}]}]},"minPosition",8,[1,-0.0020000000949949026,-0.0020000000949949026,-0.00009999989561038092],"maxPosition",8,[1,0.0020000000949949026,0.0020000000949949026,0.00009999989561038092]]],-1],0,0,[],[],[]],[[[2,".bin",181880776,[{"primitives":[{"primitiveMode":7,"vertexBundelIndices":[0],"indexView":{"offset":576,"length":72,"count":18,"stride":4}}],"vertexBundles":[{"view":{"offset":0,"length":576,"count":12,"stride":48},"attributes":[{"name":"a_position","format":32,"isNormalized":false},{"name":"a_normal","format":32,"isNormalized":false},{"name":"a_texCoord","format":21,"isNormalized":false},{"name":"a_tangent","format":44,"isNormalized":false}]}]},"minPosition",8,[1,-0.019999999552965164,0.01793951913714409,0.00699999975040555],"maxPosition",8,[1,0.029999999329447746,0.019999999552965164,0.009999999776482582]]],-1],0,0,[],[],[]],[[[2,".bin",3864316528,[{"primitives":[{"primitiveMode":7,"vertexBundelIndices":[0],"indexView":{"offset":1344,"length":144,"count":36,"stride":4}}],"vertexBundles":[{"view":{"offset":0,"length":1344,"count":28,"stride":48},"attributes":[{"name":"a_position","format":32,"isNormalized":false},{"name":"a_normal","format":32,"isNormalized":false},{"name":"a_texCoord","format":21,"isNormalized":false},{"name":"a_tangent","format":44,"isNormalized":false}]}]},"minPosition",8,[1,-0.019999999552965164,-0.019999999552965164,-0.0019999989308416843],"maxPosition",8,[1,0.029999999329447746,0.019999999552965164,0.007000001147389412]]],-1],0,0,[],[],[]],[[[2,".bin",960511626,[{"primitives":[{"primitiveMode":7,"vertexBundelIndices":[0],"indexView":{"offset":576,"length":72,"count":18,"stride":4}}],"vertexBundles":[{"view":{"offset":0,"length":576,"count":12,"stride":48},"attributes":[{"name":"a_position","format":32,"isNormalized":false},{"name":"a_normal","format":32,"isNormalized":false},{"name":"a_texCoord","format":21,"isNormalized":false},{"name":"a_tangent","format":44,"isNormalized":false}]}]},"minPosition",8,[1,-0.019999999552965164,-0.019999999552965164,0.00699999975040555],"maxPosition",8,[1,0.029999999329447746,-0.01793951913714409,0.009999999776482582]]],-1],0,0,[],[],[]],[[[2,".bin",270798204,[{"primitives":[{"primitiveMode":7,"vertexBundelIndices":[0],"indexView":{"offset":13440,"length":1488,"count":372,"stride":4}}],"vertexBundles":[{"view":{"offset":0,"length":13440,"count":280,"stride":48},"attributes":[{"name":"a_position","format":32,"isNormalized":false},{"name":"a_normal","format":32,"isNormalized":false},{"name":"a_texCoord","format":21,"isNormalized":false},{"name":"a_tangent","format":44,"isNormalized":false}]}]},"minPosition",8,[1,-0.0020000000949949026,-0.0020000000949949026,-0.00009999989561038092],"maxPosition",8,[1,0.0020000000949949026,0.0020000000949949026,0.00009999989561038092]]],-1],0,0,[],[],[]],[[[2,".bin",2278976906,[{"primitives":[{"primitiveMode":7,"vertexBundelIndices":[0],"indexView":{"offset":672,"length":72,"count":18,"stride":4}}],"vertexBundles":[{"view":{"offset":0,"length":672,"count":14,"stride":48},"attributes":[{"name":"a_position","format":32,"isNormalized":false},{"name":"a_normal","format":32,"isNormalized":false},{"name":"a_texCoord","format":21,"isNormalized":false},{"name":"a_tangent","format":44,"isNormalized":false}]}]},"minPosition",8,[1,0.02793952077627182,-0.019999999552965164,0.00699999975040555],"maxPosition",8,[1,0.029999999329447746,0.019999999552965164,0.009999999776482582]]],-1],0,0,[],[],[]],[[[2,".bin",270798204,[{"primitives":[{"primitiveMode":7,"vertexBundelIndices":[0],"indexView":{"offset":13440,"length":1488,"count":372,"stride":4}}],"vertexBundles":[{"view":{"offset":0,"length":13440,"count":280,"stride":48},"attributes":[{"name":"a_position","format":32,"isNormalized":false},{"name":"a_normal","format":32,"isNormalized":false},{"name":"a_texCoord","format":21,"isNormalized":false},{"name":"a_tangent","format":44,"isNormalized":false}]}]},"minPosition",8,[1,-0.0020000000949949026,-0.0020000000949949026,-0.00009999989561038092],"maxPosition",8,[1,0.0020000000949949026,0.0020000000949949026,0.00009999989561038092]]],-1],0,0,[],[],[]],[[[2,".bin",3817101751,[{"primitives":[{"primitiveMode":7,"vertexBundelIndices":[0],"indexView":{"offset":672,"length":72,"count":18,"stride":4}}],"vertexBundles":[{"view":{"offset":0,"length":672,"count":14,"stride":48},"attributes":[{"name":"a_position","format":32,"isNormalized":false},{"name":"a_normal","format":32,"isNormalized":false},{"name":"a_texCoord","format":21,"isNormalized":false},{"name":"a_tangent","format":44,"isNormalized":false}]}]},"minPosition",8,[1,-0.019999999552965164,-0.019999999552965164,0.00699999975040555],"maxPosition",8,[1,-0.01793951913714409,0.019999999552965164,0.009999999776482582]]],-1],0,0,[],[],[]],[[[9,"map_001"],[10,"map_001",[[-2,-3,-4,-5,-6,-7,-8,-9,[8,"Camera",-11,[1,"95K2QMgqtU5Zmr/jv3++Ft",-10,0],[1,-5.5,7.300000190734863,0],[3,-4.4971273106791125e-8,-6.092074868835776e-9,-0.422618062986199,0.9063078797173681],[1,99.99999237060547,99.99999237060547,100],[1,-0.000007724992193907352,-0.000004372489397016428,-49.999974869920194]],[8,"char",-13,[1,"93SV2zzKZaEbWUVDAdrjxm",-12,0],[1,-1.2999999523162842,0.8999999761581421,0],[3,-0.7071068407911908,0,0,0.7071067215818992],[1,100,100,100],[1,-90.00000965934633,0,0]]],1,1,1,1,1,1,1,1,4,4],[1,"82FPII45pYuZWCf7BX3/ZZ",-1,0]],[6,"0.Cube.001",2,1,[[3,-14,[0,"2dL1bV36dZVbiAoHAeGVSS"],[0],[4],1],[5,-15,[0,"8aDAIdnbxGAaGpT4dtIpyB"],2]],[1,"bfoAtu4+ZXraYzDgR5b0sS",1,0],[3,-0.7071068407911908,0,0,0.7071067215818992],[1,100,100,100],[1,-90.00000965934633,0,0]],[6,"0.Cube.002",2,1,[[3,-16,[0,"b3K2Up1YNYh7ubA9s6YNz1"],[3],[4],4],[5,-17,[0,"a9xgjopRJAKbqMYvZ+3AgU"],5]],[1,"7aHYNYoR9cGIQLaFiSw1mj",1,0],[3,-0.7071068407911908,0,0,0.7071067215818992],[1,100,100,100],[1,-90.00000965934633,0,0]],[6,"0.Cube.003",2,1,[[3,-18,[0,"9dtNuJhiheioOTKkoSuutE"],[6],[4],7],[5,-19,[0,"515stwHzRE5o5vDlEXdCFQ"],8]],[1,"8em5u0F3defIxiK0nMKHj4",1,0],[3,-0.7071068407911908,0,0,0.7071067215818992],[1,100,100,100],[1,-90.00000965934633,0,0]],[6,"0.Cube.004",2,1,[[3,-20,[0,"fbPeJEtexVvKkKkwdNhfeX"],[9],[4],10],[5,-21,[0,"canQ0VNAlIPrxqTB+a1pw/"],11]],[1,"86gzBKwY1c7qwHX5Tv2UEL",1,0],[3,-0.7071068407911908,0,0,0.7071067215818992],[1,100,100,100],[1,-90.00000965934633,0,0]],[11,"0.ground",1,[[3,-22,[0,"b8mSvwe/1XZJ4P3HfNIWLp"],[12],[4],13],[5,-23,[0,"9arXN2VaZMZJjXp/SZB34L"],14]],[1,"63WL3FsQhVlpUhMTGXkF+D",1,0],[3,-0.7071068407911909,0,0,0.7071067215818991],[1,100,100,100],[1,-90.00000965934633,0,0]],[7,"1.disc",1,[[3,-24,[0,"5b9Jf0AadQ65zfMmxz61dL"],[15],[4],16]],[1,"85ts8Qn7ZYXI6By3Nb8sAl",1,0],[1,2.200000047683716,0.699999988079071,0],[3,-0.7071068407911908,0,0,0.7071067215818992],[1,100,100,100],[1,-90.00000965934633,0,0]],[7,"1.disc.001",1,[[3,-25,[0,"f6vnW1/alUr6V+0Zf72pqi"],[17],[4],18]],[1,"0amzZl+uFSqq3ObALVfvjE",1,0],[1,1.2000000476837158,0.699999988079071,0],[3,-0.7071068407911908,0,0,0.7071067215818992],[1,100,100,100],[1,-90.00000965934633,0,0]],[7,"1.disc.002",1,[[3,-26,[0,"92SqZq885dVbR8wvIgdmKu"],[19],[4],20]],[1,"72lR1CNV5btb3O0r4tIJ4T",1,0],[1,0.20000000298023224,0.699999988079071,0],[3,-0.7071068407911908,0,0,0.7071067215818992],[1,100,100,100],[1,-90.00000965934633,0,0]]],0,[0,2,1,0,-1,2,0,-2,3,0,-3,4,0,-4,5,0,-5,6,0,-6,7,0,-7,8,0,-8,9,0,2,1,0,3,1,0,2,1,0,3,1,0,0,2,0,0,2,0,0,3,0,0,3,0,0,4,0,0,4,0,0,5,0,0,5,0,0,6,0,0,6,0,0,7,0,0,8,0,0,9,0,4,1,26],[0,0,0,0,0,0,0,0,0,0,0,0,0,0,0,0,0,0,0,0,0],[-1,1,1,-1,1,1,-1,1,1,-1,1,1,-1,1,1,-1,1,-1,1,-1,1],[0,2,2,0,3,3,0,4,4,0,5,5,7,6,6,1,8,1,9,1,10]]]]
