[1,["6e908a59-c057-448a-bc55-6484827f3a82@f9941","c2eea998-84d8-4392-ba84-844d32a13ba7@f9941","20835ba4-6145-4fbc-a58a-051ce700aa3e@f9941","544e49d6-3f05-4fa8-9a9e-091f98fc2ce8@f9941","951249e0-9f16-456d-8b85-a6ca954da16b@f9941","6a7feffe-f853-4a10-a5a8-06492d54ab17@f9941","89ded3eb-3991-48a4-8045-8e3f44e7dbb5@f9941","6f1d8442-7218-4a78-9ec0-c9d1eb218704@f9941","b2df2c05-f540-4268-b30b-adac8eadee1c","2f169262-e17e-4af0-b81c-f5e232680340","1b18ddad-9eb1-43f6-984e-fcdb72e9801c","0240af3e-66b8-4618-bf2a-38a0a1ab00a4@f9941","0240af3e-66b8-4618-bf2a-38a0a1ab00a4@6c48a","4a8338cd-c2d1-4431-b5e5-7485bb02934c@6c48a","62e0d27b-6f5e-47a2-af94-16fd7c53a29f@6c48a","79ae2f12-c50a-4af8-9248-cca834f97f33@6c48a","86a51a48-8f15-4e7d-bce7-71c45d80693f@6c48a","8f70c4b9-4854-479e-9647-ca68cdd119b3@6c48a","96932054-c762-47e0-9878-342775155840@6c48a","de47e7db-76cd-4902-95df-55c982048ee7@f9941","96932054-c762-47e0-9878-342775155840@f9941","62e0d27b-6f5e-47a2-af94-16fd7c53a29f@f9941","8f70c4b9-4854-479e-9647-ca68cdd119b3@f9941","732f89e6-a961-4787-9f8f-ddb4b391f37e@f9941","4a8338cd-c2d1-4431-b5e5-7485bb02934c@f9941","86a51a48-8f15-4e7d-bce7-71c45d80693f@f9941","79ae2f12-c50a-4af8-9248-cca834f97f33@f9941","de47e7db-76cd-4902-95df-55c982048ee7@6c48a"],["node","_spriteFrame","_textureSource","_defaultClip","_target","_normalSprite","_hoverSprite","_pressedSprite","_disabledSprite","root","spShowGuideTip","nodeGuide","aniMakeMoney","spHead","lbMake","lbTalk","nodeTalk","targetLevel","curLevel","spEnd","spStart","data","imgLevelFinished","imgLevelUnfinished","imgProgressNoActive","imgProgressActive","imgProgressFinished","img01","img02","img01En","img02En"],["cc.SpriteFrame",["cc.Node",["_name","_layer","_active","_components","_prefab","_parent","_children","_lpos","_lscale"],0,9,4,1,2,5,5],["cc.Widget",["_alignFlags","_alignMode","_top","_bottom","_originalWidth","_originalHeight","_left","_right","node","__prefab"],-5,1,4],["cc.Sprite",["_sizeMode","_isTrimmedMode","_type","_name","node","__prefab","_spriteFrame"],-1,1,4,6],["cc.Label",["_string","_actualFontSize","_fontSize","_isBold","_srcBlendFactor","_overflow","_enableWrapText","_lineHeight","node","__prefab","_color"],-5,1,4,5],["cc.Node",["_name","_layer","_active","_parent","_components","_prefab","_children","_lpos","_lscale"],0,1,12,4,2,5,5],["cc.UITransform",["_name","node","__prefab","_contentSize","_anchorPoint"],2,1,4,5,5],["cc.Animation",["_name","node","__prefab","_clips","_defaultClip"],2,1,4,3,6],["cc.Prefab",["_name"],2],["cc.CompPrefabInfo",["fileId"],2],["fb9b7V8bZND35IgNyATVMNv",["node","__prefab","spStart","spEnd","curLevel","targetLevel","progress","nodeTalk","lbTalk","lbMake","spHead","aniMakeMoney","nodeGuide","spShowGuideTip","imgLevelFinished","imgLevelUnfinished","imgProgressNoActive","imgProgressActive","imgProgressFinished","img01","img02","img01En","img02En"],3,1,4,1,1,1,1,2,1,1,1,1,1,1,1,6,6,6,6,6,6,6,6,6],["cc.PrefabInfo",["fileId","root","asset"],2,1,1],["cc.Layout",["_resizeMode","_layoutType","_spacingX","_horizontalDirection","node","__prefab"],-1,1,4],["cc.Button",["_transition","node","__prefab","clickEvents","_normalColor","_target","_normalSprite","_hoverSprite","_pressedSprite","_disabledSprite"],2,1,4,9,5,1,6,6,6,6],["cc.ClickEvent",["component","_componentId","handler","target"],0,1]],[[9,0,2],[11,0,1,2,2],[6,1,2,3,1],[1,0,1,5,3,4,3],[5,0,1,3,4,5,7,3],[3,0,1,4,5,6,3],[3,0,1,4,5,3],[1,0,1,5,6,3,4,7,3],[1,0,2,1,5,6,3,4,7,4],[6,1,2,1],[3,2,0,1,4,5,6,4],[1,0,1,5,3,4,7,3],[5,0,1,3,6,4,5,7,3],[5,0,1,3,4,5,3],[7,0,1,2,3,4,2],[13,0,1,2,3,4,5,6,7,8,9,2],[14,0,1,2,3,4],[4,0,1,7,3,8,9,5],[8,0,2],[1,0,1,6,3,4,3],[1,0,2,1,5,6,3,4,7,8,4],[5,0,2,1,3,6,4,5,8,4],[6,0,1,2,3,2],[6,1,2,3,4,1],[2,0,4,5,1,8,9,5],[2,0,2,1,8,9,4],[2,0,6,7,2,3,4,5,1,8,9,9],[2,0,3,1,8,9,4],[2,0,6,2,3,1,8,9,6],[10,0,1,2,3,4,5,6,7,8,9,10,11,12,13,14,15,16,17,18,19,20,21,22,1],[12,0,1,2,3,4,5,5],[3,3,0,1,4,5,6,4],[3,0,4,5,6,2],[7,0,1,2,3,2],[4,4,0,1,2,5,6,8,9,10,7],[4,4,0,1,2,6,8,9,10,6],[4,0,1,2,5,3,8,9,10,6],[4,0,1,2,7,3,8,9,6]],[[[{"name":"fightImgFont01","rect":{"x":0,"y":0,"width":243,"height":124},"offset":{"x":0,"y":0},"originalSize":{"width":243,"height":124},"rotated":false,"capInsets":[0,0,0,0],"packable":true}],[0],0,[0],[2],[12]],[[{"name":"fightImgFont02","rect":{"x":0,"y":5,"width":243,"height":114},"offset":{"x":0,"y":0},"originalSize":{"width":243,"height":124},"rotated":false,"capInsets":[0,0,0,0],"packable":true}],[0],0,[0],[2],[13]],[[{"name":"fightImgCircle","rect":{"x":0,"y":0,"width":58,"height":58},"offset":{"x":0,"y":0},"originalSize":{"width":58,"height":58},"rotated":false,"capInsets":[0,0,0,0],"packable":true}],[0],0,[0],[2],[14]],[[{"name":"fightImgFont02En","rect":{"x":47,"y":3,"width":289,"height":97},"offset":{"x":-0.5,"y":0.5},"originalSize":{"width":384,"height":104},"rotated":false,"capInsets":[0,0,0,0],"packable":true}],[0],0,[0],[2],[15]],[[{"name":"fightImgFont01En","rect":{"x":0,"y":0,"width":384,"height":103},"offset":{"x":0,"y":0.5},"originalSize":{"width":384,"height":104},"rotated":false,"capInsets":[0,0,0,0],"packable":true}],[0],0,[0],[2],[16]],[[{"name":"fightImgHand","rect":{"x":0,"y":0,"width":98,"height":119},"offset":{"x":0,"y":0},"originalSize":{"width":98,"height":119},"rotated":false,"capInsets":[0,0,0,0],"packable":true}],[0],0,[0],[2],[17]],[[{"name":"fightBoxTalk","rect":{"x":0,"y":0,"width":110,"height":109},"offset":{"x":0,"y":0.5},"originalSize":{"width":110,"height":110},"rotated":false,"capInsets":[35,38,31,42],"packable":true}],[0],0,[0],[2],[18]],[[[18,"fightUI"],[19,"fightUI",33554432,[-19,-20,-21,-22,-23,-24],[[2,-2,[0,"93wQcm7VZL2bnnvGs0pVTk"],[5,720,1280]],[24,45,100,100,1,-3,[0,"5b2tw8TlRNSJGz1iRHvVN7"]],[29,-18,[0,"75kfKoxPZOn6kRe7U+JjS4"],-17,-16,-15,-14,[-11,-12,-13],-10,-9,-8,-7,-6,-5,-4,22,23,24,25,26,27,28,29,30]],[1,"ee1gNltF9IZYoM6zT1UBho",-1,0]],[7,"progress",33554432,1,[-28,-29,-30,-31,-32],[[2,-25,[0,"74GVcaZ7BAXoWyicRRWikZ"],[5,379,66]],[30,1,1,-10,1,-26,[0,"90LFLi9hJM1KbSfSBgWZBh"]],[25,1,150,1,-27,[0,"e15667So5H7o6w8gShxXTW"]]],[1,"69wteGs7NJCo8YhMpNQNJi",1,0],[1,0,457,0]],[20,"talk",false,33554432,1,[-37,-38],[[2,-33,[0,"2a5ClpF/RMoqTv7ZlaI4pa"],[5,520,100]],[10,1,0,false,-34,[0,"1cEswyHn1II602Kh/6L03Y"],14],[26,1,100,100,350,590,100,100,1,-35,[0,"c1AQ8+Qb1BV4WI+Xp0CUd+"]],[14,"talk<Animation>",-36,[0,"d75m1ZgQRJzq7Inw51Y23g"],[15],16]],[1,"36M152IGpHFo+vpuVAnAiq",1,0],[1,0,290,0],[1,0,0,0]],[8,"guide",false,33554432,1,[-42,-43],[[2,-39,[0,"57sEU/MDpOIZ4fBjM0gdCK"],[5,600,200]],[27,4,160,1,-40,[0,"05FXes5/9IjJ4hzl0W7UTm"]],[14,"guide<Animation>",-41,[0,"49Dmw3ONtPOIKYr8vGf5VJ"],[20],21]],[1,"56jnejrFZAW6g5yZGsg5yA",1,0],[1,0,-380,0]],[8,"btnAgain",false,33554432,1,[-48],[[2,-44,[0,"5cVx+Ecr1JSbXdGfCrga5o"],[5,208,88]],[10,1,2,false,-45,[0,"21mRCAvjZGRJMrNsQ4dar2"],0],[15,3,-47,[0,"c0r0Bn5V9EL4tSpV5PO2UC"],[[16,"fightUI","fb9b7V8bZND35IgNyATVMNv","onBtnAgainClick",1]],[4,4292269782],-46,1,2,3,4]],[1,"e3Y4L3LQFGEqQ0k4IDn37D",1,0],[1,0,-488.731,0]],[8,"btnCamera",false,33554432,1,[-53],[[2,-49,[0,"9eueOeER9JAqbyuSsaHulK"],[5,208,88]],[10,1,2,false,-50,[0,"5b4Fn8h4VPo5tHfq+0wVj/"],5],[15,3,-52,[0,"27NeAQ0KhPEbnauZL2i9WF"],[[16,"fightUI","fb9b7V8bZND35IgNyATVMNv","onBtnChangeCameraRotation",1]],[4,4292269782],-51,6,7,8,9]],[1,"e0FZ3ddCFKyqXGaZ4zirkG",1,0],[1,0,-575.731,0]],[7,"head",33554432,3,[-57],[[22,"head<UITransform>",-54,[0,"d4j35nRpVDTq8DhvkeIcq/"],[5,133,133]],[31,"head<Sprite>",2,false,-55,[0,"2887DIDNFAUYnq/JjhOT0l"],13],[28,12,30,-16.5,20,1,-56,[0,"0ai7JO17VBVrW1AORmPo5s"]]],[1,"83yjU2O6pJuqwygCjEvf7I",1,0],[1,-163.5,36.5,0]],[12,"target",33554432,2,[-60],[[[2,-58,[0,"31z55slhhAbKOIKrs1zeyU"],[5,97,66]],-59],4,1],[1,"e9tst+4/xFTK9Bq9UIrRQ8",1,0],[1,141,0,0]],[11,"progress3",33554432,2,[[2,-61,[0,"8f5xnTdndIk4SrYabvPGMS"],[5,75,31]],[5,2,false,-62,[0,"c0P5lYC2xIM4BdTzWZ1jl1"],10]],[1,"02/EAeP5VAeJyMJQbPa3+C",1,0],[1,65,0,0]],[3,"progress2",33554432,2,[[2,-63,[0,"83UrpSBklCg4Kl/EZgAbjc"],[5,75,31]],[5,2,false,-64,[0,"56mXABpmpJzIgA3dlmulBj"],11]],[1,"72jJDf+vdJIoGzbsc32hnl",1,0]],[11,"progress1",33554432,2,[[2,-65,[0,"34hA4tmj1IrqLKWP5CSk+f"],[5,75,31]],[5,2,false,-66,[0,"0fzOz+BRZHj7inaADjeb7H"],12]],[1,"d0dh2HjuVKn5Yp2YOQQugV",1,0],[1,-65,0,0]],[12,"src",33554432,2,[-69],[[[2,-67,[0,"79cUEIpfNDsJnkdWlih8Wo"],[5,97,66]],-68],4,1],[1,"0cvktnx9ZNX7Vq59xC+hrX",1,0],[1,-141,0,0]],[21,"make",false,33554432,1,[-72],[[[9,-70,[0,"d4uvZBEQFI6p1hjwDLADrI"]],-71],4,1],[1,"2ahrivV2FGg6BjodkEH7TH",1,0],[1,0,0,0]],[7,"handGuide",33554432,4,[-74,-75],[[9,-73,[0,"198MoicrhImIVvjVZALPZf"]]],[1,"f3I0z2+dhPoaCqctPQKUim",1,0],[1,-210,40,0]],[3,"Label",33554432,5,[[2,-76,[0,"adQzaULuJGSqbGqas56vpv"],[5,100,40]],[34,1,"重来",32,32,1,false,-77,[0,"90YCBjHUFFtLMFtd1kSUTt"],[4,4278190080]]],[1,"6914BUpRlPDJKSsyU/9Kgh",1,0]],[3,"Label",33554432,6,[[2,-78,[0,"aeBeScyZBCSr9QWQt4wAUO"],[5,192,40]],[35,1,"镜头跟随切换",32,32,false,-79,[0,"86eoVhH2hGAquzDAT4q3mp"],[4,4278190080]]],[1,"75+mxHrZxBqKnuDHUREsLv",1,0]],[4,"targetLevel",33554432,8,[[[2,-80,[0,"f6b2UGPFBImLcfyNoCIYZR"],[5,22.25,60.48]],-81],4,1],[1,"05U3B0kWZO767M9FISNlm9",1,0],[1,0,-2,0]],[4,"curLevel",33554432,12,[[[2,-82,[0,"f0aKpwIhJK3JVgG7mSyvzi"],[5,22.25,60.48]],-83],4,1],[1,"ffPncv1aBNwLI3uxM8IrwW",1,0],[1,0,-2,0]],[4,"avatar",33554432,7,[[[2,-84,[0,"daJn00RA5PmKHPmakaowKV"],[5,103,135]],-85],4,1],[1,"bfsT4DzYdAIqTZaKlND9W4",1,0],[1,0,8,0]],[4,"content",33554432,3,[[[2,-86,[0,"fbwy/R6IFNlrrms1X8M8xB"],[5,340,40]],-87],4,1],[1,"4dH79HLGdCtK7s/sWeUmDt",1,0],[1,86,0,0]],[13,"money",33554432,13,[[[2,-88,[0,"0bfxPrPTJIgautbMHEUcjF"],[5,81.42,60]],-89],4,1],[1,"a5clQOJ9xLAZMeHUREq376",1,0]],[3,"circle",33554432,14,[[9,-90,[0,"e9+xv/eF9JRISiLfwX7Zgt"]],[32,0,-91,[0,"53qFvb+lxCAIgVCEaQ4ZmU"],18]],[1,"3dKTM3ZatLdrBaM0JTc2R3",1,0]],[3,"hand",33554432,14,[[23,-92,[0,"ff6cppV91MxqiUPO0h4BRG"],[5,98,119],[0,0.4,1]],[5,2,false,-93,[0,"ffI4W3KYFEtaVg7M/35L2v"],19]],[1,"1dqaoHJbBHybIT5Jt1tNOv",1,0]],[13,"tips",33554432,4,[[[2,-94,[0,"56AJbRP3BDGK1E3YnIZaFK"],[5,243,124]],-95],4,1],[1,"450VabOaBAw6PoV/se72Im",1,0]],[17,"2",40,48,true,17,[0,"29+LRmGR1L7rYVRFuLSAG7"]],[6,2,false,8,[0,"07k0kVajZJXYOmecMjxEbS"]],[17,"1",40,48,true,18,[0,"70GOrx9bREvoh+nQO1H6hj"]],[6,2,false,12,[0,"3cMWP41yZOnoCzw5YUg3Fk"]],[6,2,false,19,[0,"ccIftJMaxO64Sjk/x7WuhX"]],[36,"快点，我要迟到了！",28,28,3,true,20,[0,"44pKdYcFdBDIRH2y4wkK1Y"],[4,4281370823]],[37,"+40",48,48,60,true,21,[0,"608Ms10v9MgL2201mY6+LV"]],[33,"make<Animation>",13,[0,"cePoRl05REnpgyj4eWKOvD"],[17]],[6,2,false,24,[0,"93hTokJMNKs67NaaZdDAlB"]]],0,[0,9,1,0,0,1,0,0,1,0,10,33,0,11,4,0,12,32,0,13,29,0,14,31,0,15,30,0,16,3,0,-1,11,0,-2,10,0,-3,9,0,17,25,0,18,27,0,19,26,0,20,28,0,0,1,0,-1,5,0,-2,6,0,-3,2,0,-4,3,0,-5,13,0,-6,4,0,0,2,0,0,2,0,0,2,0,-1,8,0,-2,9,0,-3,10,0,-4,11,0,-5,12,0,0,3,0,0,3,0,0,3,0,0,3,0,-1,7,0,-2,20,0,0,4,0,0,4,0,0,4,0,-1,14,0,-2,24,0,0,5,0,0,5,0,4,5,0,0,5,0,-1,15,0,0,6,0,0,6,0,4,6,0,0,6,0,-1,16,0,0,7,0,0,7,0,0,7,0,-1,19,0,0,8,0,-2,26,0,-1,17,0,0,9,0,0,9,0,0,10,0,0,10,0,0,11,0,0,11,0,0,12,0,-2,28,0,-1,18,0,0,13,0,-2,32,0,-1,21,0,0,14,0,-1,22,0,-2,23,0,0,15,0,0,15,0,0,16,0,0,16,0,0,17,0,-2,25,0,0,18,0,-2,27,0,0,19,0,-2,29,0,0,20,0,-2,30,0,0,21,0,-2,31,0,0,22,0,0,22,0,0,23,0,0,23,0,0,24,0,-2,33,0,21,1,95],[0,0,0,0,0,0,0,0,0,0,0,0,0,0,0,0,0,0,0,0,0,0,0,0,0,0,0,0,0,0,0,26,28,32,33],[1,5,6,7,8,1,5,6,7,8,1,1,1,1,1,-1,3,-1,1,1,-1,3,22,23,24,25,26,27,28,29,30,1,1,3,1],[0,0,2,3,4,0,0,2,3,4,5,6,7,19,20,8,8,9,21,22,10,10,1,23,5,6,7,11,24,25,26,1,1,9,11]],[[{"name":"fightBoxHead","rect":{"x":1,"y":1,"width":131,"height":131},"offset":{"x":0,"y":0},"originalSize":{"width":133,"height":133},"rotated":false,"capInsets":[0,0,0,0],"packable":true}],[0],0,[0],[2],[27]]]]
