[1,["045576e8-b57d-4d41-b514-f508978b0ac0@6c48a","1baf0fc9-befa-459c-8bdd-af1a450a0319"],["mainTexture","_effectAsset"],[["cc.Mesh",["_native","_hash","_struct"],1,11],["cc.Material",["_techIdx","_states","_defines","_props"],0,12]],[[0,0,1,2,3],[1,0,1,2,3,4]],[[[[0,".bin",3219909449,[{"primitives":[{"primitiveMode":7,"vertexBundelIndices":[0],"indexView":{"offset":6776,"length":2400,"count":600,"stride":4}}],"vertexBundles":[{"view":{"offset":0,"length":6776,"count":121,"stride":56},"attributes":[{"name":"a_position","format":32,"isNormalized":false},{"name":"a_normal","format":32,"isNormalized":false},{"name":"a_texCoord","format":21,"isNormalized":false},{"name":"a_tangent","format":44,"isNormalized":false},{"name":"a_texCoord1","format":21,"isNormalized":false}]}]},"minPosition",8,[1,-5,0,-5],"maxPosition",8,[1,5,0,5]]],-1],0,0,[],[],[]],[[[1,"1",[{"blendState":{"targets":[{}]},"depthStencilState":{},"rasterizerState":{}}],[{"USE_ALBEDO_MAP":true,"OCCLUSION_CHANNEL":"b","ROUGHNESS_CHANNEL":"r","METALLIC_CHANNEL":"g"}],[[[{"occlusion":1,"roughness":0.8,"metallic":0.6},"emissive",8,[4,4293261567],"mainColor",8,[4,2483027968],"mainTexture",6,0]],11]]],0,0,[0,0],[0,1],[0,1]]]]
