[1,0,0,[["cc.Mesh",["_native","_hash","_struct"],1,11]],[[0,0,1,2,3]],[[[[0,".bin",1600493324,[{"primitives":[{"primitiveMode":7,"vertexBundelIndices":[0],"indexView":{"offset":768,"length":72,"count":36,"stride":2}}],"vertexBundles":[{"view":{"offset":0,"length":768,"count":16,"stride":48},"attributes":[{"name":"a_position","format":32,"isNormalized":false},{"name":"a_normal","format":32,"isNormalized":false},{"name":"a_texCoord","format":21,"isNormalized":false},{"name":"a_tangent","format":44,"isNormalized":false}]}]},"minPosition",8,[1,-0.07092145085334778,-0.03857601061463356,-0.35019391775131226],"maxPosition",8,[1,0.07092153280973434,0.03857593610882759,0.34600043296813965]]],-1],0,0,[],[],[]],[[[0,".bin",3556558088,[{"primitives":[{"primitiveMode":7,"vertexBundelIndices":[0],"indexView":{"offset":6336,"length":264,"count":132,"stride":2}}],"vertexBundles":[{"view":{"offset":0,"length":6336,"count":132,"stride":48},"attributes":[{"name":"a_position","format":32,"isNormalized":false},{"name":"a_normal","format":32,"isNormalized":false},{"name":"a_texCoord","format":21,"isNormalized":false},{"name":"a_tangent","format":44,"isNormalized":false}]}]},"minPosition",8,[1,-0.07281967252492905,-0.12111646682024002,-0.1213175356388092],"maxPosition",8,[1,0.07282020151615143,0.12111639976501465,0.12131742388010025]]],-1],0,0,[],[],[]],[[[0,".bin",459696375,[{"primitives":[{"primitiveMode":7,"vertexBundelIndices":[0],"indexView":{"offset":6240,"length":264,"count":132,"stride":2}}],"vertexBundles":[{"view":{"offset":0,"length":6240,"count":130,"stride":48},"attributes":[{"name":"a_position","format":32,"isNormalized":false},{"name":"a_normal","format":32,"isNormalized":false},{"name":"a_texCoord","format":21,"isNormalized":false},{"name":"a_tangent","format":44,"isNormalized":false}]}]},"minPosition",8,[1,-0.05479855090379715,-0.12112706154584885,-0.12111631035804749],"maxPosition",8,[1,0.05479834973812103,0.12112656980752945,0.1211165115237236]]],-1],0,0,[],[],[]],[[[0,".bin",2562089357,[{"primitives":[{"primitiveMode":7,"vertexBundelIndices":[0],"indexView":{"offset":6000,"length":264,"count":132,"stride":2}}],"vertexBundles":[{"view":{"offset":0,"length":6000,"count":125,"stride":48},"attributes":[{"name":"a_position","format":32,"isNormalized":false},{"name":"a_normal","format":32,"isNormalized":false},{"name":"a_texCoord","format":21,"isNormalized":false},{"name":"a_tangent","format":44,"isNormalized":false}]}]},"minPosition",8,[1,-0.05479833483695984,-0.12111660838127136,-0.12112662941217422],"maxPosition",8,[1,0.05479826405644417,0.1211162731051445,0.1211271658539772]]],-1],0,0,[],[],[]],[[[0,".bin",949886295,[{"primitives":[{"primitiveMode":7,"vertexBundelIndices":[0],"indexView":{"offset":6336,"length":264,"count":132,"stride":2}}],"vertexBundles":[{"view":{"offset":0,"length":6336,"count":132,"stride":48},"attributes":[{"name":"a_position","format":32,"isNormalized":false},{"name":"a_normal","format":32,"isNormalized":false},{"name":"a_texCoord","format":21,"isNormalized":false},{"name":"a_tangent","format":44,"isNormalized":false}]}]},"minPosition",8,[1,-0.07282016426324844,-0.12131738662719727,-0.12111657112836838],"maxPosition",8,[1,0.0728197768330574,0.12131738662719727,0.12111648917198181]]],-1],0,0,[],[],[]],[[[0,".bin",1266974964,[{"primitives":[{"primitiveMode":7,"vertexBundelIndices":[0],"indexView":{"offset":47712,"length":2868,"count":1434,"stride":2}}],"vertexBundles":[{"view":{"offset":0,"length":47712,"count":994,"stride":48},"attributes":[{"name":"a_position","format":32,"isNormalized":false},{"name":"a_normal","format":32,"isNormalized":false},{"name":"a_texCoord","format":21,"isNormalized":false},{"name":"a_tangent","format":44,"isNormalized":false}]}]},"minPosition",8,[1,-0.40377822518348694,-0.7821467518806458,0.056064870208501816],"maxPosition",8,[1,0.403929740190506,0.7728094458580017,0.5658469796180725]]],-1],0,0,[],[],[]]]]
